ID_Localisation,Nom_Pays,Mois,Susceptibles,Exposes,Infectes,Retablis
ABW,Aruba,2024-08-01,2980852,0,0,0
ABW,Aruba,2024-09-01,3193770,0,0,0
ABW,Aruba,2024-10-01,3300229,0,0,0
ABW,Aruba,2024-11-01,3193770,0,0,0
ABW,Aruba,2024-12-01,3300229,0,0,0
ABW,Aruba,2025-01-01,3193770,0,0,0
AFG,Afghanistan,2024-08-01,1151605616,0,0,0
AFG,Afghanistan,2024-09-01,1233863160,0,0,0
AFG,Afghanistan,2024-10-01,1274991932,0,0,0
AFG,Afghanistan,2024-11-01,1233863160,0,0,0
AFG,Afghanistan,2024-12-01,1274991932,0,0,0
AFG,Afghanistan,2025-01-01,1233863160,0,0,0
AGO,Angola,2024-08-01,996491888,0,0,0
AGO,Angola,2024-09-01,1067669880,0,0,0
AGO,Angola,2024-10-01,1103258876,0,0,0
AGO,Angola,2024-11-01,1067669880,0,0,0
AGO,Angola,2024-12-01,1103258876,0,0,0
AGO,Angola,2025-01-01,1067669880,0,0,0
AIA,Anguilla,2024-08-01,444556,0,0,0
AIA,Anguilla,2024-09-01,476310,0,0,0
AIA,Anguilla,2024-10-01,492187,0,0,0
AIA,Anguilla,2024-11-01,476310,0,0,0
AIA,Anguilla,2024-12-01,492187,0,0,0
AIA,Anguilla,2025-01-01,476310,0,0,0
ALB,Albania,2024-08-01,79584904,0,0,0
ALB,Albania,2024-09-01,85269540,0,0,0
ALB,Albania,2024-10-01,88111858,0,0,0
ALB,Albania,2024-11-01,85269540,0,0,0
ALB,Albania,2024-12-01,88111858,0,0,0
ALB,Albania,2025-01-01,85269540,0,0,0
AND,Andorra,2024-08-01,2235604,0,0,0
AND,Andorra,2024-09-01,2395290,0,0,0
AND,Andorra,2024-10-01,2475133,0,0,0
AND,Andorra,2024-11-01,2395290,0,0,0
AND,Andorra,2024-12-01,2475133,0,0,0
AND,Andorra,2025-01-01,2395290,0,0,0
ARE,United Arab Emirates,2024-08-01,264351864,0,0,0
ARE,United Arab Emirates,2024-09-01,283234140,0,0,0
ARE,United Arab Emirates,2024-10-01,292675278,0,0,0
ARE,United Arab Emirates,2024-11-01,283234140,0,0,0
ARE,United Arab Emirates,2024-12-01,292675278,0,0,0
ARE,United Arab Emirates,2025-01-01,283234140,0,0,0
ARG,Argentina,2024-08-01,1274251399,16470,14746,6458
ARG,Argentina,2024-09-01,1361415721,1692451,1504138,697410
ARG,Argentina,2024-10-01,1120634653,104401537,118754820,67029034
ARG,Argentina,2024-11-01,118800373,116821549,400480989,729206808
ARG,Argentina,2024-12-01,8399453,3574257,99964344,1298881990
ARG,Argentina,2025-01-01,5434671,164879,12249241,1347460929
ARM,Armenia,2024-08-01,77853216,0,0,0
ARM,Armenia,2024-09-01,83414160,0,0,0
ARM,Armenia,2024-10-01,86194632,0,0,0
ARM,Armenia,2024-11-01,83414160,0,0,0
ARM,Armenia,2024-12-01,86194632,0,0,0
ARM,Armenia,2025-01-01,83414160,0,0,0
ASM,American Samoa,2024-08-01,1240260,0,0,0
ASM,American Samoa,2024-09-01,1328850,0,0,0
ASM,American Samoa,2024-10-01,1373145,0,0,0
ASM,American Samoa,2024-11-01,1328850,0,0,0
ASM,American Samoa,2024-12-01,1373145,0,0,0
ASM,American Samoa,2025-01-01,1328850,0,0,0
ATG,Antigua and Barbuda,2024-08-01,2625616,0,0,0
ATG,Antigua and Barbuda,2024-09-01,2813160,0,0,0
ATG,Antigua and Barbuda,2024-10-01,2906932,0,0,0
ATG,Antigua and Barbuda,2024-11-01,2813160,0,0,0
ATG,Antigua and Barbuda,2024-12-01,2906932,0,0,0
ATG,Antigua and Barbuda,2025-01-01,2813160,0,0,0
AUS,Australia,2024-08-01,732967480,0,0,0
AUS,Australia,2024-09-01,785322300,0,0,0
AUS,Australia,2024-10-01,811499710,0,0,0
AUS,Australia,2024-11-01,785322300,0,0,0
AUS,Australia,2024-12-01,811499710,0,0,0
AUS,Australia,2025-01-01,785322300,0,0,0
AUT,Austria,2024-08-01,250298811,4575,4096,1794
AUT,Austria,2024-09-01,267109396,468580,416999,193535
AUT,Austria,2024-10-01,206510163,24104826,29148158,17364980
AUT,Austria,2024-11-01,17392360,19386481,75772702,155636968
AUT,Austria,2024-12-01,1542239,534111,16980391,258071385
AUT,Austria,2025-01-01,1059466,27132,2061898,265040014
AZE,Azerbaijan,2024-08-01,289982242,19209,17201,7533
AZE,Azerbaijan,2024-09-01,306303478,1911724,1721329,805808
AZE,Azerbaijan,2024-10-01,169828355,39765164,62748864,48758034
AZE,Azerbaijan,2024-11-01,7033264,9638327,67122449,226948299
AZE,Azerbaijan,2024-12-01,1502569,241102,11317081,308039665
AZE,Azerbaijan,2025-01-01,1203564,16686,1344697,308177393
BDI,Burundi,2024-08-01,360908324,0,0,0
BDI,Burundi,2024-09-01,386687490,0,0,0
BDI,Burundi,2024-10-01,399577073,0,0,0
BDI,Burundi,2024-11-01,386687490,0,0,0
BDI,Burundi,2024-12-01,399577073,0,0,0
BDI,Burundi,2025-01-01,386687490,0,0,0
BEL,Belgium,2024-08-01,325479365,386769,347312,152398
BEL,Belgium,2024-09-01,287379152,23178310,25321011,13799218
BEL,Belgium,2024-10-01,37780989,33442325,106397560,183712738
BEL,Belgium,2024-11-01,2149896,991398,26471960,320064436
BEL,Belgium,2024-12-01,1445594,48717,3554465,356284837
BEL,Belgium,2025-01-01,1329673,4886,415249,347927882
BEN,Benin,2024-08-01,373880192,0,0,0
BEN,Benin,2024-09-01,400585920,0,0,0
BEN,Benin,2024-10-01,413938784,0,0,0
BEN,Benin,2024-11-01,400585920,0,0,0
BEN,Benin,2024-12-01,413938784,0,0,0
BEN,Benin,2025-01-01,400585920,0,0,0
BES,Bonaire Sint Eustatius and Saba,2024-08-01,757456,0,0,0
BES,Bonaire Sint Eustatius and Saba,2024-09-01,811560,0,0,0
BES,Bonaire Sint Eustatius and Saba,2024-10-01,838612,0,0,0
BES,Bonaire Sint Eustatius and Saba,2024-11-01,811560,0,0,0
BES,Bonaire Sint Eustatius and Saba,2024-12-01,838612,0,0,0
BES,Bonaire Sint Eustatius and Saba,2025-01-01,811560,0,0,0
BFA,Burkina Faso,2024-08-01,634865392,0,0,0
BFA,Burkina Faso,2024-09-01,680212920,0,0,0
BFA,Burkina Faso,2024-10-01,702886684,0,0,0
BFA,Burkina Faso,2024-11-01,680212920,0,0,0
BFA,Burkina Faso,2024-12-01,702886684,0,0,0
BFA,Burkina Faso,2025-01-01,680212920,0,0,0
BGD,Bangladesh,2024-08-01,-2147483648,12201,10923,4784
BGD,Bangladesh,2024-09-01,-2147483648,1261737,1118433,517586
BGD,Bangladesh,2024-10-01,-2147483648,127374165,120856940,58877453
BGD,Bangladesh,2024-11-01,1423598913,670324184,1441208517,1600459426
BGD,Bangladesh,2024-12-01,52672972,52053288,715792338,-2147483648
BGD,Bangladesh,2025-01-01,21639041,1508751,94795824,-2147483648
BGR,Bulgaria,2024-08-01,189715746,78198,70084,30712
BGR,Bulgaria,2024-09-01,187629338,6463634,6264927,3100751
BGR,Bulgaria,2024-10-01,47211147,25789373,60899590,76340495
BGR,Bulgaria,2024-11-01,1704015,1393391,23595525,176765720
BGR,Bulgaria,2024-12-01,871585,50541,3314282,206004196
BGR,Bulgaria,2025-01-01,776975,4627,388566,202288482
BHR,Bahrain,2024-08-01,41222636,0,0,0
BHR,Bahrain,2024-09-01,44167110,0,0,0
BHR,Bahrain,2024-10-01,45639347,0,0,0
BHR,Bahrain,2024-11-01,44167110,0,0,0
BHR,Bahrain,2024-12-01,45639347,0,0,0
BHR,Bahrain,2025-01-01,44167110,0,0,0
BHS,Bahamas,2024-08-01,11479692,0,0,0
BHS,Bahamas,2024-09-01,12299670,0,0,0
BHS,Bahamas,2024-10-01,12709659,0,0,0
BHS,Bahamas,2024-11-01,12299670,0,0,0
BHS,Bahamas,2024-12-01,12709659,0,0,0
BHS,Bahamas,2025-01-01,12299670,0,0,0
BIH,Bosnia and Herzegovina,2024-08-01,90538840,0,0,0
BIH,Bosnia and Herzegovina,2024-09-01,97005900,0,0,0
BIH,Bosnia and Herzegovina,2024-10-01,100239430,0,0,0
BIH,Bosnia and Herzegovina,2024-11-01,97005900,0,0,0
BIH,Bosnia and Herzegovina,2024-12-01,100239430,0,0,0
BIH,Bosnia and Herzegovina,2025-01-01,97005900,0,0,0
BLM,Saint Barthelemy,2024-08-01,307832,0,0,0
BLM,Saint Barthelemy,2024-09-01,329820,0,0,0
BLM,Saint Barthelemy,2024-10-01,340814,0,0,0
BLM,Saint Barthelemy,2024-11-01,329820,0,0,0
BLM,Saint Barthelemy,2024-12-01,340814,0,0,0
BLM,Saint Barthelemy,2025-01-01,329820,0,0,0
BLR,Belarus,2024-08-01,266978768,0,0,0
BLR,Belarus,2024-09-01,286048680,0,0,0
BLR,Belarus,2024-10-01,295583636,0,0,0
BLR,Belarus,2024-11-01,286048680,0,0,0
BLR,Belarus,2024-12-01,295583636,0,0,0
BLR,Belarus,2025-01-01,286048680,0,0,0
BLZ,Belize,2024-08-01,11347980,0,0,0
BLZ,Belize,2024-09-01,12158550,0,0,0
BLZ,Belize,2024-10-01,12563835,0,0,0
BLZ,Belize,2024-11-01,12158550,0,0,0
BLZ,Belize,2024-12-01,12563835,0,0,0
BLZ,Belize,2025-01-01,12158550,0,0,0
BMU,Bermuda,2024-08-01,1797796,0,0,0
BMU,Bermuda,2024-09-01,1926210,0,0,0
BMU,Bermuda,2024-10-01,1990417,0,0,0
BMU,Bermuda,2024-11-01,1926210,0,0,0
BMU,Bermuda,2024-12-01,1990417,0,0,0
BMU,Bermuda,2025-01-01,1926210,0,0,0
BOL,Bolivia,2024-08-01,342273797,610,546,239
BOL,Bolivia,2024-09-01,366578483,63117,55937,25883
BOL,Bolivia,2024-10-01,363046444,6686935,6225058,2989097
BOL,Bolivia,2024-11-01,122952897,48970162,97023119,97777242
BOL,Bolivia,2024-12-01,4459754,5021836,58109993,311355951
BOL,Bolivia,2025-01-01,1575144,133189,7922988,357092099
BRA,Brazil,2024-08-01,-2147483648,0,0,0
BRA,Brazil,2024-09-01,-2147483648,0,0,0
BRA,Brazil,2024-10-01,-2147483648,0,0,0
BRA,Brazil,2024-11-01,-2147483648,0,0,0
BRA,Brazil,2024-12-01,-2147483648,0,0,0
BRA,Brazil,2025-01-01,-2147483648,0,0,0
BRB,Barbados,2024-08-01,7846687,17161,15449,6791
BRB,Barbados,2024-09-01,6219438,759727,920903,549313
BRB,Barbados,2024-10-01,546391,610012,2423342,5151281
BRB,Barbados,2024-11-01,46055,14765,494431,7894129
BRB,Barbados,2024-12-01,34444,858,65339,8630385
BRB,Barbados,2025-01-01,32073,89,7623,8409595
BRN,Brunei,2024-08-01,12376860,84347,76819,34030
BRN,Brunei,2024-09-01,7250503,1679422,2586998,1953137
BRN,Brunei,2024-10-01,337166,460271,3048487,10073138
BRN,Brunei,2024-11-01,63104,10176,479628,12917152
BRN,Brunei,2024-12-01,53922,775,62224,13802141
BRN,Brunei,2025-01-01,51001,84,7248,13411728
BTN,Bhutan,2024-08-01,21908796,0,0,0
BTN,Bhutan,2024-09-01,23473710,0,0,0
BTN,Bhutan,2024-10-01,24256167,0,0,0
BTN,Bhutan,2024-11-01,23473710,0,0,0
BTN,Bhutan,2024-12-01,24256167,0,0,0
BTN,Bhutan,2025-01-01,23473710,0,0,0
BWA,Botswana,2024-08-01,73648400,0,0,0
BWA,Botswana,2024-09-01,78909000,0,0,0
BWA,Botswana,2024-10-01,81539300,0,0,0
BWA,Botswana,2024-11-01,78909000,0,0,0
BWA,Botswana,2024-12-01,81539300,0,0,0
BWA,Botswana,2025-01-01,78909000,0,0,0
CAF,Central African Republic,2024-08-01,156216144,0,0,0
CAF,Central African Republic,2024-09-01,167374440,0,0,0
CAF,Central African Republic,2024-10-01,172953588,0,0,0
CAF,Central African Republic,2024-11-01,167374440,0,0,0
CAF,Central African Republic,2024-12-01,172953588,0,0,0
CAF,Central African Republic,2025-01-01,167374440,0,0,0
CAN,Canada,2024-08-01,1076694673,11590,10377,4544
CAN,Canada,2024-09-01,1150886997,1192572,1059306,490964
CAN,Canada,2024-10-01,975025571,80016335,88387789,48654473
CAN,Canada,2024-11-01,116781968,106653153,342894408,587300311
CAN,Canada,2024-12-01,7389126,3499351,91123983,1090071708
CAN,Canada,2025-01-01,4612839,153187,11228366,1137635448
CHE,Switzerland,2024-08-01,244436637,129530,116124,50897
CHE,Switzerland,2024-09-01,237018295,10123528,10026038,5046268
CHE,Switzerland,2024-10-01,51704774,31767582,79867355,107614889
CHE,Switzerland,2024-11-01,2012363,1451919,27562895,231186953
CHE,Switzerland,2024-12-01,1112059,56544,3820406,265965592
CHE,Switzerland,2025-01-01,1000158,5310,447446,260761215
CHL,Chile,2024-08-01,548834855,30492,27303,11958
CHL,Chile,2024-09-01,581033880,3053948,2742730,1281523
CHL,Chile,2024-10-01,340414076,73190759,111192994,82917987
CHL,Chile,2024-11-01,15181377,20818496,133182481,418929726
CHL,Chile,2024-12-01,2895383,515286,23120394,581184753
CHL,Chile,2025-01-01,2282593,34370,2753025,583042091
CHN,China,2024-08-01,-2147483648,636514,569900,249573
CHN,China,2024-09-01,-2147483648,65288693,58067969,26938679
CHN,China,2024-10-01,-2147483648,-2147483648,-2147483648,-2147483648
CHN,China,2024-11-01,-2147483648,-2147483648,-2147483648,-2147483648
CHN,China,2024-12-01,252294284,94804652,-2147483648,-2147483648
CHN,China,2025-01-01,169469377,4638606,349524462,-2147483648
CIV,Cote d'Ivoire,2024-08-01,788495344,0,0,0
CIV,Cote d'Ivoire,2024-09-01,844816440,0,0,0
CIV,Cote d'Ivoire,2024-10-01,872976988,0,0,0
CIV,Cote d'Ivoire,2024-11-01,844816440,0,0,0
CIV,Cote d'Ivoire,2024-12-01,872976988,0,0,0
CIV,Cote d'Ivoire,2025-01-01,844816440,0,0,0
CMR,Cameroon,2024-08-01,781607176,0,0,0
CMR,Cameroon,2024-09-01,837436260,0,0,0
CMR,Cameroon,2024-10-01,865350802,0,0,0
CMR,Cameroon,2024-11-01,837436260,0,0,0
CMR,Cameroon,2024-12-01,865350802,0,0,0
CMR,Cameroon,2025-01-01,837436260,0,0,0
COD,Democratic Republic of Congo,2024-08-01,-2147483648,0,0,0
COD,Democratic Republic of Congo,2024-09-01,-2147483648,0,0,0
COD,Democratic Republic of Congo,2024-10-01,-2147483648,0,0,0
COD,Democratic Republic of Congo,2024-11-01,-2147483648,0,0,0
COD,Democratic Republic of Congo,2024-12-01,-2147483648,0,0,0
COD,Democratic Republic of Congo,2025-01-01,-2147483648,0,0,0
COG,Congo,2024-08-01,167172040,0,0,0
COG,Congo,2024-09-01,179112900,0,0,0
COG,Congo,2024-10-01,185083330,0,0,0
COG,Congo,2024-11-01,179112900,0,0,0
COG,Congo,2024-12-01,185083330,0,0,0
COG,Congo,2025-01-01,179112900,0,0,0
COK,Cook Islands,2024-08-01,476200,304,272,119
COK,Cook Islands,2024-09-01,453869,22618,22819,11654
COK,Cook Islands,2024-10-01,88636,59382,156805,223169
COK,Cook Islands,2024-11-01,3698,2420,49880,454961
COK,Cook Islands,2024-12-01,2152,99,6854,518886
COK,Cook Islands,2025-01-01,1947,9,802,508201
COL,Colombia,2024-08-01,1451792426,297337,266345,116676
COL,Colombia,2024-09-01,1491260184,27354661,25421494,12184502
COL,Colombia,2024-10-01,533903126,210800399,424406992,438984350
COL,Colombia,2024-11-01,17603581,19294355,234201611,1285121293
COL,Colombia,2024-12-01,6903079,583104,34547038,1566061646
COL,Colombia,2025-01-01,5967411,48985,4065158,1546139286
COM,Comoros,2024-08-01,23429924,0,0,0
COM,Comoros,2024-09-01,25103490,0,0,0
COM,Comoros,2024-10-01,25940273,0,0,0
COM,Comoros,2024-11-01,25103490,0,0,0
COM,Comoros,2024-12-01,25940273,0,0,0
COM,Comoros,2025-01-01,25103490,0,0,0
CPV,Cape Verde,2024-08-01,16608536,0,0,0
CPV,Cape Verde,2024-09-01,17794860,0,0,0
CPV,Cape Verde,2024-10-01,18388022,0,0,0
CPV,Cape Verde,2024-11-01,17794860,0,0,0
CPV,Cape Verde,2024-12-01,18388022,0,0,0
CPV,Cape Verde,2025-01-01,17794860,0,0,0
CRI,Costa Rica,2024-08-01,145063408,0,0,0
CRI,Costa Rica,2024-09-01,155425080,0,0,0
CRI,Costa Rica,2024-10-01,160605916,0,0,0
CRI,Costa Rica,2024-11-01,155425080,0,0,0
CRI,Costa Rica,2024-12-01,160605916,0,0,0
CRI,Costa Rica,2025-01-01,155425080,0,0,0
CUB,Cuba,2024-08-01,313941544,0,0,0
CUB,Cuba,2024-09-01,336365940,0,0,0
CUB,Cuba,2024-10-01,347578138,0,0,0
CUB,Cuba,2024-11-01,336365940,0,0,0
CUB,Cuba,2024-12-01,347578138,0,0,0
CUB,Cuba,2025-01-01,336365940,0,0,0
CUW,Curacao,2024-08-01,5352844,0,0,0
CUW,Curacao,2024-09-01,5735190,0,0,0
CUW,Curacao,2024-10-01,5926363,0,0,0
CUW,Curacao,2024-11-01,5735190,0,0,0
CUW,Curacao,2024-12-01,5926363,0,0,0
CUW,Curacao,2025-01-01,5735190,0,0,0
CYM,Cayman Islands,2024-08-01,1924216,0,0,0
CYM,Cayman Islands,2024-09-01,2061660,0,0,0
CYM,Cayman Islands,2024-10-01,2130382,0,0,0
CYM,Cayman Islands,2024-11-01,2061660,0,0,0
CYM,Cayman Islands,2024-12-01,2130382,0,0,0
CYM,Cayman Islands,2025-01-01,2061660,0,0,0
CYP,Cyprus,2024-08-01,25088196,0,0,0
CYP,Cyprus,2024-09-01,26880210,0,0,0
CYP,Cyprus,2024-10-01,27776217,0,0,0
CYP,Cyprus,2024-11-01,26880210,0,0,0
CYP,Cyprus,2024-12-01,27776217,0,0,0
CYP,Cyprus,2025-01-01,26880210,0,0,0
CZE,Czechia,2024-08-01,209879800,0,0,0
CZE,Czechia,2024-09-01,314819700,0,0,0
CZE,Czechia,2024-10-01,325313690,0,0,0
CZE,Czechia,2024-11-01,314819700,0,0,0
CZE,Czechia,2024-12-01,325313690,0,0,0
CZE,Czechia,2025-01-01,325313690,0,0,0
CZE,Czechia,2025-02-01,73457930,0,0,0
DEU,Germany,2024-08-01,-2147483648,0,0,0
DEU,Germany,2024-09-01,-2147483648,0,0,0
DEU,Germany,2024-10-01,-2147483648,0,0,0
DEU,Germany,2024-11-01,-2147483648,0,0,0
DEU,Germany,2024-12-01,-2147483648,0,0,0
DEU,Germany,2025-01-01,-2147483648,0,0,0
DJI,Djibouti,2024-08-01,31383828,0,0,0
DJI,Djibouti,2024-09-01,33625530,0,0,0
DJI,Djibouti,2024-10-01,34746381,0,0,0
DJI,Djibouti,2024-11-01,33625530,0,0,0
DJI,Djibouti,2024-12-01,34746381,0,0,0
DJI,Djibouti,2025-01-01,33625530,0,0,0
DMA,Dominica,2024-08-01,2037224,0,0,0
DMA,Dominica,2024-09-01,2182740,0,0,0
DMA,Dominica,2024-10-01,2255498,0,0,0
DMA,Dominica,2024-11-01,2182740,0,0,0
DMA,Dominica,2024-12-01,2255498,0,0,0
DMA,Dominica,2025-01-01,2182740,0,0,0
DNK,Denmark,2024-08-01,164703252,0,0,0
DNK,Denmark,2024-09-01,176467770,0,0,0
DNK,Denmark,2024-10-01,182350029,0,0,0
DNK,Denmark,2024-11-01,176467770,0,0,0
DNK,Denmark,2024-12-01,182350029,0,0,0
DNK,Denmark,2025-01-01,176467770,0,0,0
DOM,Dominican Republic,2024-08-01,314406988,0,0,0
DOM,Dominican Republic,2024-09-01,336864630,0,0,0
DOM,Dominican Republic,2024-10-01,348093451,0,0,0
DOM,Dominican Republic,2024-11-01,336864630,0,0,0
DOM,Dominican Republic,2024-12-01,348093451,0,0,0
DOM,Dominican Republic,2025-01-01,336864630,0,0,0
DZA,Algeria,2024-08-01,1257277826,5490,4915,2153
DZA,Algeria,2024-09-01,1345793906,567141,502957,232836
DZA,Algeria,2024-10-01,1264036483,51474466,50893064,25596056
DZA,Algeria,2024-11-01,267740957,162654643,399480495,517220745
DZA,Algeria,2024-12-01,11165670,8641865,152972807,1219219726
DZA,Algeria,2025-01-01,5543063,290822,19578609,1321684346
ECU,Ecuador,2024-08-01,503918562,47861,42861,18772
ECU,Ecuador,2024-09-01,529102170,4683833,4246215,1997842
ECU,Ecuador,2024-10-01,259307618,71941966,122703085,104078393
ECU,Ecuador,2024-11-01,9513974,12633923,104989013,412893150
ECU,Ecuador,2024-12-01,2527612,328957,16805217,538369276
ECU,Ecuador,2025-01-01,2083777,24412,1989284,535932587
EGY,Egypt,2024-08-01,-2147483648,0,0,0
EGY,Egypt,2024-09-01,-2147483648,0,0,0
EGY,Egypt,2024-10-01,-2147483648,0,0,0
EGY,Egypt,2024-11-01,-2147483648,0,0,0
EGY,Egypt,2024-12-01,-2147483648,0,0,0
EGY,Egypt,2025-01-01,-2147483648,0,0,0
ERI,Eritrea,2024-08-01,103153148,0,0,0
ERI,Eritrea,2024-09-01,110521230,0,0,0
ERI,Eritrea,2024-10-01,114205271,0,0,0
ERI,Eritrea,2024-11-01,110521230,0,0,0
ERI,Eritrea,2024-12-01,114205271,0,0,0
ERI,Eritrea,2025-01-01,110521230,0,0,0
ESH,Western Sahara,2022-04-01,6336055,0,0,0
ESH,Western Sahara,2022-05-01,17856155,0,0,0
ESH,Western Sahara,2022-06-01,17280150,0,0,0
ESH,Western Sahara,2022-07-01,17856155,0,0,0
ESH,Western Sahara,2022-08-01,17856155,0,0,0
ESH,Western Sahara,2022-09-01,17280150,0,0,0
ESH,Western Sahara,2022-10-01,9216080,0,0,0
ESP,Spain,2024-08-01,1331641696,0,0,0
ESP,Spain,2024-09-01,1426758960,0,0,0
ESP,Spain,2024-10-01,1474317592,0,0,0
ESP,Spain,2024-11-01,1426758960,0,0,0
ESP,Spain,2024-12-01,1474317592,0,0,0
ESP,Spain,2025-01-01,1426758960,0,0,0
EST,Estonia,2024-08-01,26521280,0,0,0
EST,Estonia,2024-09-01,39781920,0,0,0
EST,Estonia,2024-10-01,41107984,0,0,0
EST,Estonia,2024-11-01,39781920,0,0,0
EST,Estonia,2024-12-01,41107984,0,0,0
EST,Estonia,2025-01-01,41107984,0,0,0
EST,Estonia,2025-02-01,9282448,0,0,0
ETH,Ethiopia,2024-08-01,-2147483648,0,0,0
ETH,Ethiopia,2024-09-01,-2147483648,0,0,0
ETH,Ethiopia,2024-10-01,-2147483648,0,0,0
ETH,Ethiopia,2024-11-01,-2147483648,0,0,0
ETH,Ethiopia,2024-12-01,-2147483648,0,0,0
ETH,Ethiopia,2025-01-01,-2147483648,0,0,0
FIN,Finland,2024-08-01,155140860,0,0,0
FIN,Finland,2024-09-01,166222350,0,0,0
FIN,Finland,2024-10-01,171763095,0,0,0
FIN,Finland,2024-11-01,166222350,0,0,0
FIN,Finland,2024-12-01,171763095,0,0,0
FIN,Finland,2025-01-01,166222350,0,0,0
FJI,Fiji,2024-08-01,26033532,0,0,0
FJI,Fiji,2024-09-01,27893070,0,0,0
FJI,Fiji,2024-10-01,28822839,0,0,0
FJI,Fiji,2024-11-01,27893070,0,0,0
FJI,Fiji,2024-12-01,28822839,0,0,0
FJI,Fiji,2025-01-01,27893070,0,0,0
FLK,Falkland Islands,2024-08-01,106428,0,0,0
FLK,Falkland Islands,2024-09-01,114030,0,0,0
FLK,Falkland Islands,2024-10-01,117831,0,0,0
FLK,Falkland Islands,2024-11-01,114030,0,0,0
FLK,Falkland Islands,2024-12-01,117831,0,0,0
FLK,Falkland Islands,2025-01-01,114030,0,0,0
FRA,France,2024-08-01,1898764000,0,0,0
FRA,France,2024-09-01,2034390000,0,0,0
FRA,France,2024-10-01,2102203000,0,0,0
FRA,France,2024-11-01,2034390000,0,0,0
FRA,France,2024-12-01,2102203000,0,0,0
FRA,France,2025-01-01,2034390000,0,0,0
FRO,Faroe Islands,2024-08-01,1487276,0,0,0
FRO,Faroe Islands,2024-09-01,1593510,0,0,0
FRO,Faroe Islands,2024-10-01,1646627,0,0,0
FRO,Faroe Islands,2024-11-01,1593510,0,0,0
FRO,Faroe Islands,2024-12-01,1646627,0,0,0
FRO,Faroe Islands,2025-01-01,1593510,0,0,0
FSM,Micronesia (country),2024-08-01,3196984,0,0,0
FSM,Micronesia (country),2024-09-01,3425340,0,0,0
FSM,Micronesia (country),2024-10-01,3539518,0,0,0
FSM,Micronesia (country),2024-11-01,3425340,0,0,0
FSM,Micronesia (country),2024-12-01,3539518,0,0,0
FSM,Micronesia (country),2025-01-01,3425340,0,0,0
GAB,Gabon,2024-08-01,66891916,0,0,0
GAB,Gabon,2024-09-01,71669910,0,0,0
GAB,Gabon,2024-10-01,74058907,0,0,0
GAB,Gabon,2024-11-01,71669910,0,0,0
GAB,Gabon,2024-12-01,74058907,0,0,0
GAB,Gabon,2025-01-01,71669910,0,0,0
GBR,United Kingdom,2024-08-01,1887883547,1033697,926752,406211
GBR,United Kingdom,2024-09-01,1825353707,80136299,79610948,40167127
GBR,United Kingdom,2024-10-01,390624928,243698785,617894930,840558373
GBR,United Kingdom,2024-11-01,15377935,10909053,210147496,1788833597
GBR,United Kingdom,2024-12-01,8578708,428847,29081463,2054687999
GBR,United Kingdom,2025-01-01,7723812,40400,3405600,2014098267
GEO,Georgia,2024-08-01,104842780,0,0,0
GEO,Georgia,2024-09-01,112331550,0,0,0
GEO,Georgia,2024-10-01,116075935,0,0,0
GEO,Georgia,2024-11-01,112331550,0,0,0
GEO,Georgia,2024-12-01,116075935,0,0,0
GEO,Georgia,2025-01-01,112331550,0,0,0
GGY,Guernsey,2024-08-01,1773212,0,0,0
GGY,Guernsey,2024-09-01,1899870,0,0,0
GGY,Guernsey,2024-10-01,1963199,0,0,0
GGY,Guernsey,2024-11-01,1899870,0,0,0
GGY,Guernsey,2024-12-01,1963199,0,0,0
GGY,Guernsey,2025-01-01,1899870,0,0,0
GHA,Ghana,2024-08-01,937324360,0,0,0
GHA,Ghana,2024-09-01,1004276100,0,0,0
GHA,Ghana,2024-10-01,1037751970,0,0,0
GHA,Ghana,2024-11-01,1004276100,0,0,0
GHA,Ghana,2024-12-01,1037751970,0,0,0
GHA,Ghana,2025-01-01,1004276100,0,0,0
GIB,Gibraltar,2024-08-01,914956,0,0,0
GIB,Gibraltar,2024-09-01,980310,0,0,0
GIB,Gibraltar,2024-10-01,1012987,0,0,0
GIB,Gibraltar,2024-11-01,980310,0,0,0
GIB,Gibraltar,2024-12-01,1012987,0,0,0
GIB,Gibraltar,2025-01-01,980310,0,0,0
GIN,Guinea,2024-08-01,388061772,0,0,0
GIN,Guinea,2024-09-01,415780470,0,0,0
GIN,Guinea,2024-10-01,429639819,0,0,0
GIN,Guinea,2024-11-01,415780470,0,0,0
GIN,Guinea,2024-12-01,429639819,0,0,0
GIN,Guinea,2025-01-01,415780470,0,0,0
GLP,Guadeloupe,2024-08-01,11081336,0,0,0
GLP,Guadeloupe,2024-09-01,11872860,0,0,0
GLP,Guadeloupe,2024-10-01,12268622,0,0,0
GLP,Guadeloupe,2024-11-01,11872860,0,0,0
GLP,Guadeloupe,2024-12-01,12268622,0,0,0
GLP,Guadeloupe,2025-01-01,11872860,0,0,0
GMB,Gambia,2024-08-01,75767860,0,0,0
GMB,Gambia,2024-09-01,81179850,0,0,0
GMB,Gambia,2024-10-01,83885845,0,0,0
GMB,Gambia,2024-11-01,81179850,0,0,0
GMB,Gambia,2024-12-01,83885845,0,0,0
GMB,Gambia,2025-01-01,81179850,0,0,0
GNB,Guinea-Bissau,2024-08-01,58956240,0,0,0
GNB,Guinea-Bissau,2024-09-01,63167400,0,0,0
GNB,Guinea-Bissau,2024-10-01,65272980,0,0,0
GNB,Guinea-Bissau,2024-11-01,63167400,0,0,0
GNB,Guinea-Bissau,2024-12-01,65272980,0,0,0
GNB,Guinea-Bissau,2025-01-01,63167400,0,0,0
GNQ,Equatorial Guinea,2024-08-01,46897648,0,0,0
GNQ,Equatorial Guinea,2024-09-01,50247480,0,0,0
GNQ,Equatorial Guinea,2024-10-01,51922396,0,0,0
GNQ,Equatorial Guinea,2024-11-01,50247480,0,0,0
GNQ,Equatorial Guinea,2024-12-01,51922396,0,0,0
GNQ,Equatorial Guinea,2025-01-01,50247480,0,0,0
GRC,Greece,2024-08-01,286821747,1712557,1556421,688491
GRC,Greece,2024-09-01,175336767,37943179,56745782,41523432
GRC,Greece,2024-10-01,8646700,11763962,73042254,228481216
GRC,Greece,2024-11-01,1479945,258380,11766566,298044269
GRC,Greece,2024-12-01,1249298,19126,1528983,319136725
GRC,Greece,2025-01-01,1179919,2074,178116,310189051
GRD,Grenada,2024-08-01,3512852,0,0,0
GRD,Grenada,2024-09-01,3763770,0,0,0
GRD,Grenada,2024-10-01,3889229,0,0,0
GRD,Grenada,2024-11-01,3763770,0,0,0
GRD,Grenada,2024-12-01,3889229,0,0,0
GRD,Grenada,2025-01-01,3763770,0,0,0
GRL,Greenland,2024-08-01,1581832,0,0,0
GRL,Greenland,2024-09-01,1694820,0,0,0
GRL,Greenland,2024-10-01,1751314,0,0,0
GRL,Greenland,2024-11-01,1694820,0,0,0
GRL,Greenland,2024-12-01,1751314,0,0,0
GRL,Greenland,2025-01-01,1694820,0,0,0
GTM,Guatemala,2024-08-01,499628894,305,273,120
GTM,Guatemala,2024-09-01,535244914,31581,27981,12944
GTM,Guatemala,2024-10-01,544742312,3621484,3266026,1531512
GTM,Guatemala,2024-11-01,281494295,67428613,105428618,80965894
GTM,Guatemala,2024-12-01,12743942,17380799,118926009,404110584
GTM,Guatemala,2025-01-01,2492910,386284,18503865,513934361
GUF,French Guiana,2024-08-01,8527904,0,0,0
GUF,French Guiana,2024-09-01,9137040,0,0,0
GUF,French Guiana,2024-10-01,9441608,0,0,0
GUF,French Guiana,2024-11-01,9137040,0,0,0
GUF,French Guiana,2024-12-01,9441608,0,0,0
GUF,French Guiana,2025-01-01,9137040,0,0,0
GUM,Guam,2024-08-01,4809924,0,0,0
GUM,Guam,2024-09-01,5153490,0,0,0
GUM,Guam,2024-10-01,5325273,0,0,0
GUM,Guam,2024-11-01,5153490,0,0,0
GUM,Guam,2024-12-01,5325273,0,0,0
GUM,Guam,2025-01-01,5153490,0,0,0
GUY,Guyana,2024-08-01,22641566,1220,1092,478
GUY,Guyana,2024-09-01,23978476,122282,109776,51277
GUY,Guyana,2024-10-01,14180276,3002884,4531824,3355554
GUY,Guyana,2024-11-01,641266,878604,5538320,17203620
GUY,Guyana,2024-12-01,119841,21721,966658,23962317
GUY,Guyana,2025-01-01,94201,1439,115149,24051021
HKG,Hong Kong,2024-08-01,164754986,0,0,0
HKG,Hong Kong,2024-09-01,224665890,0,0,0
HKG,Hong Kong,2024-10-01,232154753,0,0,0
HKG,Hong Kong,2024-11-01,224665890,0,0,0
HKG,Hong Kong,2024-12-01,232154753,0,0,0
HKG,Hong Kong,2025-01-01,232154753,0,0,0
HKG,Hong Kong,2025-02-01,37444315,0,0,0
HND,Honduras,2024-08-01,292119326,305,273,120
HND,Honduras,2024-09-01,312913248,31573,27976,12943
HND,Honduras,2024-10-01,315180615,3513342,3207144,1517497
HND,Honduras,2024-11-01,134146767,41579891,73152115,64106968
HND,Honduras,2024-12-01,5163112,6668388,59315038,252272060
HND,Honduras,2025-01-01,1392744,158569,8555358,302879070
HRV,Croatia,2024-08-01,112850108,0,0,0
HRV,Croatia,2024-09-01,120910830,0,0,0
HRV,Croatia,2024-10-01,124941191,0,0,0
HRV,Croatia,2024-11-01,120910830,0,0,0
HRV,Croatia,2024-12-01,124941191,0,0,0
HRV,Croatia,2025-01-01,120910830,0,0,0
HTI,Haiti,2024-08-01,324380084,0,0,0
HTI,Haiti,2024-09-01,347550090,0,0,0
HTI,Haiti,2024-10-01,359135093,0,0,0
HTI,Haiti,2024-11-01,347550090,0,0,0
HTI,Haiti,2024-12-01,359135093,0,0,0
HTI,Haiti,2025-01-01,347550090,0,0,0
HUN,Hungary,2024-08-01,278984808,43577,39030,17096
HUN,Hungary,2024-09-01,289314292,4118255,3786346,1800228
HUN,Hungary,2024-10-01,116679238,40686973,77239744,74380468
HUN,Hungary,2024-11-01,3898371,4654219,49461534,241004997
HUN,Hungary,2024-12-01,1348865,132391,7479881,300025286
HUN,Hungary,2025-01-01,1148862,10686,881768,296977805
IDN,Indonesia,2024-08-01,-2147483648,14031,12562,5501
IDN,Indonesia,2024-09-01,-2147483648,1451651,1286542,595304
IDN,Indonesia,2024-10-01,-2147483648,153432012,142968609,68698230
IDN,Indonesia,2024-11-01,-2147483648,1102866163,-2147483648,-2147483648
IDN,Indonesia,2024-12-01,99472568,111265303,1300342021,-2147483648
IDN,Indonesia,2025-01-01,35457991,2965102,176972019,-2147483648
IMN,Isle of Man,2024-08-01,2366952,0,0,0
IMN,Isle of Man,2024-09-01,2536020,0,0,0
IMN,Isle of Man,2024-10-01,2620554,0,0,0
IMN,Isle of Man,2024-11-01,2536020,0,0,0
IMN,Isle of Man,2024-12-01,2620554,0,0,0
IMN,Isle of Man,2025-01-01,2536020,0,0,0
IND,India,2024-08-01,-2147483648,0,0,0
IND,India,2024-09-01,-2147483648,0,0,0
IND,India,2024-10-01,-2147483648,0,0,0
IND,India,2024-11-01,-2147483648,0,0,0
IND,India,2024-12-01,-2147483648,0,0,0
IND,India,2025-01-01,-2147483648,0,0,0
IND,India,2025-02-01,-2147483648,0,0,0
IRL,Ireland,2024-08-01,140119759,229867,206652,90746
IRL,Ireland,2024-09-01,117369731,11874447,13664553,7784509
IRL,Ireland,2024-10-01,12461101,12562831,44719334,85973082
IRL,Ireland,2024-11-01,865697,329902,9964867,139532774
IRL,Ireland,2024-12-01,618083,17744,1325878,153754642
IRL,Ireland,2025-01-01,572463,1816,154778,149964182
IRN,Iran,2024-08-01,-2147483648,0,0,0
IRN,Iran,2024-09-01,-2147483648,0,0,0
IRN,Iran,2024-10-01,-2147483648,0,0,0
IRN,Iran,2024-11-01,-2147483648,0,0,0
IRN,Iran,2024-12-01,-2147483648,0,0,0
IRN,Iran,2025-01-01,-2147483648,0,0,0
IRQ,Iraq,2024-08-01,1245891472,0,0,0
IRQ,Iraq,2024-09-01,1334883720,0,0,0
IRQ,Iraq,2024-10-01,1379379844,0,0,0
IRQ,Iraq,2024-11-01,1334883720,0,0,0
IRQ,Iraq,2024-12-01,1379379844,0,0,0
IRQ,Iraq,2025-01-01,1334883720,0,0,0
ISL,Iceland,2024-08-01,10422509,8197,7353,3224
ISL,Iceland,2024-09-01,9714708,572735,591676,307970
ISL,Iceland,2024-10-01,1667182,1229740,3443216,5219855
ISL,Iceland,2024-11-01,76246,44507,1003680,10062657
ISL,Iceland,2024-12-01,46802,1942,136721,11374528
ISL,Iceland,2025-01-01,42601,189,15991,11128309
ISR,Israel,2024-08-01,264572000,0,0,0
ISR,Israel,2024-09-01,283470000,0,0,0
ISR,Israel,2024-10-01,292919000,0,0,0
ISR,Israel,2024-11-01,283470000,0,0,0
ISR,Israel,2024-12-01,292919000,0,0,0
ISR,Israel,2025-01-01,283470000,0,0,0
ITA,Italy,2024-08-01,1475936800,0,0,0
ITA,Italy,2024-09-01,1771124160,0,0,0
ITA,Italy,2024-10-01,1830161632,0,0,0
ITA,Italy,2024-11-01,1771124160,0,0,0
ITA,Italy,2024-12-01,1830161632,0,0,0
ITA,Italy,2025-01-01,1830161632,0,0,0
ITA,Italy,2025-02-01,118074944,0,0,0
JAM,Jamaica,2024-08-01,79158325,3659,3277,1435
JAM,Jamaica,2024-09-01,83968646,368538,330233,154042
JAM,Jamaica,2024-10-01,51936596,10189116,14879818,10643312
JAM,Jamaica,2024-11-01,2526528,3431405,20116248,58747280
JAM,Jamaica,2024-12-01,426219,84595,3611085,83526943
JAM,Jamaica,2025-01-01,329985,5419,431043,84055013
JEY,Jersey,2024-08-01,3102288,0,0,0
JEY,Jersey,2024-09-01,3323880,0,0,0
JEY,Jersey,2024-10-01,3434676,0,0,0
JEY,Jersey,2024-11-01,3323880,0,0,0
JEY,Jersey,2024-12-01,3434676,0,0,0
JEY,Jersey,2025-01-01,3323880,0,0,0
JOR,Jordan,2024-08-01,316004500,0,0,0
JOR,Jordan,2024-09-01,338576250,0,0,0
JOR,Jordan,2024-10-01,349862125,0,0,0
JOR,Jordan,2024-11-01,338576250,0,0,0
JOR,Jordan,2024-12-01,349862125,0,0,0
JOR,Jordan,2025-01-01,338576250,0,0,0
JPN,Japan,2024-08-01,-2147483648,0,0,0
JPN,Japan,2024-09-01,-2147483648,0,0,0
JPN,Japan,2024-10-01,-2147483648,0,0,0
JPN,Japan,2024-11-01,-2147483648,0,0,0
JPN,Japan,2024-12-01,-2147483648,0,0,0
JPN,Japan,2025-01-01,-2147483648,0,0,0
KAZ,Kazakhstan,2024-08-01,543143944,0,0,0
KAZ,Kazakhstan,2024-09-01,581939940,0,0,0
KAZ,Kazakhstan,2024-10-01,601337938,0,0,0
KAZ,Kazakhstan,2024-11-01,581939940,0,0,0
KAZ,Kazakhstan,2024-12-01,601337938,0,0,0
KAZ,Kazakhstan,2025-01-01,581939940,0,0,0
KEN,Kenya,2024-08-01,1512769552,0,0,0
KEN,Kenya,2024-09-01,1620824520,0,0,0
KEN,Kenya,2024-10-01,1674852004,0,0,0
KEN,Kenya,2024-11-01,1620824520,0,0,0
KEN,Kenya,2024-12-01,1674852004,0,0,0
KEN,Kenya,2025-01-01,1620824520,0,0,0
KGZ,Kyrgyzstan,2024-08-01,185657388,0,0,0
KGZ,Kyrgyzstan,2024-09-01,198918630,0,0,0
KGZ,Kyrgyzstan,2024-10-01,205549251,0,0,0
KGZ,Kyrgyzstan,2024-11-01,198918630,0,0,0
KGZ,Kyrgyzstan,2024-12-01,205549251,0,0,0
KGZ,Kyrgyzstan,2025-01-01,198918630,0,0,0
KHM,Cambodia,2024-08-01,469495642,1830,1638,718
KHM,Cambodia,2024-09-01,502601128,189102,167681,77619
KHM,Cambodia,2024-10-01,476329890,17620461,17246917,8606113
KHM,Cambodia,2024-11-01,107724391,62029811,147948939,185332389
KHM,Cambodia,2024-12-01,4342618,3552397,59694417,452213949
KHM,Cambodia,2025-01-01,2079268,115732,7688677,493151852
KIR,Kiribati,2024-08-01,3674636,0,0,0
KIR,Kiribati,2024-09-01,3937110,0,0,0
KIR,Kiribati,2024-10-01,4068347,0,0,0
KIR,Kiribati,2024-11-01,3937110,0,0,0
KIR,Kiribati,2024-12-01,4068347,0,0,0
KIR,Kiribati,2025-01-01,3937110,0,0,0
KNA,Saint Kitts and Nevis,2024-08-01,1335068,0,0,0
KNA,Saint Kitts and Nevis,2024-09-01,1430430,0,0,0
KNA,Saint Kitts and Nevis,2024-10-01,1478111,0,0,0
KNA,Saint Kitts and Nevis,2024-11-01,1430430,0,0,0
KNA,Saint Kitts and Nevis,2024-12-01,1478111,0,0,0
KNA,Saint Kitts and Nevis,2025-01-01,1430430,0,0,0
KOR,South Korea,2024-08-01,1450842624,0,0,0
KOR,South Korea,2024-09-01,1554474240,0,0,0
KOR,South Korea,2024-10-01,1606290048,0,0,0
KOR,South Korea,2024-11-01,1554474240,0,0,0
KOR,South Korea,2024-12-01,1606290048,0,0,0
KOR,South Korea,2025-01-01,1554474240,0,0,0
KWT,Kuwait,2024-08-01,119528808,0,0,0
KWT,Kuwait,2024-09-01,128066580,0,0,0
KWT,Kuwait,2024-10-01,132335466,0,0,0
KWT,Kuwait,2024-11-01,128066580,0,0,0
KWT,Kuwait,2024-12-01,132335466,0,0,0
KWT,Kuwait,2025-01-01,128066580,0,0,0
LAO,Laos,2024-08-01,210825356,0,0,0
LAO,Laos,2024-09-01,225884310,0,0,0
LAO,Laos,2024-10-01,233413787,0,0,0
LAO,Laos,2024-11-01,225884310,0,0,0
LAO,Laos,2024-12-01,233413787,0,0,0
LAO,Laos,2025-01-01,225884310,0,0,0
LBN,Lebanon,2024-08-01,153712832,0,0,0
LBN,Lebanon,2024-09-01,164692320,0,0,0
LBN,Lebanon,2024-10-01,170182064,0,0,0
LBN,Lebanon,2024-11-01,164692320,0,0,0
LBN,Lebanon,2024-12-01,170182064,0,0,0
LBN,Lebanon,2025-01-01,164692320,0,0,0
LBR,Liberia,2024-08-01,148475320,0,0,0
LBR,Liberia,2024-09-01,159080700,0,0,0
LBR,Liberia,2024-10-01,164383390,0,0,0
LBR,Liberia,2024-11-01,159080700,0,0,0
LBR,Liberia,2024-12-01,164383390,0,0,0
LBR,Liberia,2025-01-01,159080700,0,0,0
LBY,Libya,2024-08-01,190745632,0,0,0
LBY,Libya,2024-09-01,204370320,0,0,0
LBY,Libya,2024-10-01,211182664,0,0,0
LBY,Libya,2024-11-01,204370320,0,0,0
LBY,Libya,2024-12-01,211182664,0,0,0
LBY,Libya,2025-01-01,204370320,0,0,0
LCA,Saint Lucia,2024-08-01,5036416,0,0,0
LCA,Saint Lucia,2024-09-01,5396160,0,0,0
LCA,Saint Lucia,2024-10-01,5576032,0,0,0
LCA,Saint Lucia,2024-11-01,5396160,0,0,0
LCA,Saint Lucia,2024-12-01,5576032,0,0,0
LCA,Saint Lucia,2025-01-01,5396160,0,0,0
LIE,Liechtenstein,2024-08-01,1101940,0,0,0
LIE,Liechtenstein,2024-09-01,1180650,0,0,0
LIE,Liechtenstein,2024-10-01,1220005,0,0,0
LIE,Liechtenstein,2024-11-01,1180650,0,0,0
LIE,Liechtenstein,2024-12-01,1220005,0,0,0
LIE,Liechtenstein,2025-01-01,1180650,0,0,0
LKA,Sri Lanka,2024-08-01,611299502,305,273,120
LKA,Sri Lanka,2024-09-01,654891990,31583,27982,12945
LKA,Sri Lanka,2024-10-01,668329492,3650384,3281591,1535183
LKA,Sri Lanka,2024-11-01,368350807,79780095,119365521,87468076
LKA,Sri Lanka,2024-12-01,18158603,24698175,153464305,480475567
LKA,Sri Lanka,2025-01-01,3112439,542735,24716240,626593086
LSO,Lesotho,2024-08-01,64563128,0,0,0
LSO,Lesotho,2024-09-01,69174780,0,0,0
LSO,Lesotho,2024-10-01,71480606,0,0,0
LSO,Lesotho,2024-11-01,69174780,0,0,0
LSO,Lesotho,2024-12-01,71480606,0,0,0
LSO,Lesotho,2025-01-01,69174780,0,0,0
LTU,Lithuania,2024-08-01,49501044,0,0,0
LTU,Lithuania,2024-09-01,82501740,0,0,0
LTU,Lithuania,2024-10-01,85251798,0,0,0
LTU,Lithuania,2024-11-01,82501740,0,0,0
LTU,Lithuania,2024-12-01,85251798,0,0,0
LTU,Lithuania,2025-01-01,85251798,0,0,0
LTU,Lithuania,2025-02-01,24750522,0,0,0
LUX,Luxembourg,2024-08-01,18002031,56875,51326,22596
LUX,Luxembourg,2024-09-01,13136825,2006355,2615782,1669069
LUX,Luxembourg,2024-10-01,914898,1134112,5250597,12776024
LUX,Luxembourg,2024-11-01,99949,25645,970300,18332136
LUX,Luxembourg,2024-12-01,78659,1638,127296,19868038
LUX,Luxembourg,2025-01-01,73681,173,14842,19339333
LVA,Latvia,2024-08-01,51818312,0,0,0
LVA,Latvia,2024-09-01,55519620,0,0,0
LVA,Latvia,2024-10-01,57370274,0,0,0
LVA,Latvia,2024-11-01,55519620,0,0,0
LVA,Latvia,2024-12-01,57370274,0,0,0
LVA,Latvia,2025-01-01,55519620,0,0,0
MAC,Macao,2023-04-01,12513240,0,0,0
MAC,Macao,2023-05-01,21550580,0,0,0
MAC,Macao,2023-06-01,20855400,0,0,0
MAC,Macao,2023-07-01,21550580,0,0,0
MAC,Macao,2023-08-01,21550580,0,0,0
MAC,Macao,2023-09-01,20855400,0,0,0
MAC,Macao,2023-10-01,6256620,0,0,0
MAF,Saint Martin (French part),2024-08-01,890848,0,0,0
MAF,Saint Martin (French part),2024-09-01,954480,0,0,0
MAF,Saint Martin (French part),2024-10-01,986296,0,0,0
MAF,Saint Martin (French part),2024-11-01,954480,0,0,0
MAF,Saint Martin (French part),2024-12-01,986296,0,0,0
MAF,Saint Martin (French part),2025-01-01,954480,0,0,0
MAR,Morocco,2024-08-01,1048823328,0,0,0
MAR,Morocco,2024-09-01,1123739280,0,0,0
MAR,Morocco,2024-10-01,1161197256,0,0,0
MAR,Morocco,2024-11-01,1123739280,0,0,0
MAR,Morocco,2024-12-01,1161197256,0,0,0
MAR,Morocco,2025-01-01,1123739280,0,0,0
MCO,Monaco,2024-08-01,1021748,0,0,0
MCO,Monaco,2024-09-01,1094730,0,0,0
MCO,Monaco,2024-10-01,1131221,0,0,0
MCO,Monaco,2024-11-01,1094730,0,0,0
MCO,Monaco,2024-12-01,1131221,0,0,0
MCO,Monaco,2025-01-01,1094730,0,0,0
MDA,Moldova,2024-08-01,91130778,223350,201202,88474
MDA,Moldova,2024-09-01,70510518,9248630,11458577,6972064
MDA,Moldova,2024-10-01,5755341,6659749,27699799,61347893
MDA,Moldova,2024-11-01,525156,157163,5472039,92035432
MDA,Moldova,2024-12-01,399375,9413,721385,100332610
MDA,Moldova,2025-01-01,372613,985,84146,97732047
MDG,Madagascar,2024-08-01,829128104,0,0,0
MDG,Madagascar,2024-09-01,888351540,0,0,0
MDG,Madagascar,2024-10-01,917963258,0,0,0
MDG,Madagascar,2024-11-01,888351540,0,0,0
MDG,Madagascar,2024-12-01,917963258,0,0,0
MDG,Madagascar,2025-01-01,888351540,0,0,0
MDV,Maldives,2024-08-01,14666344,0,0,0
MDV,Maldives,2024-09-01,15713940,0,0,0
MDV,Maldives,2024-10-01,16237738,0,0,0
MDV,Maldives,2024-11-01,15713940,0,0,0
MDV,Maldives,2024-12-01,16237738,0,0,0
MDV,Maldives,2025-01-01,15713940,0,0,0
MEX,Mexico,2024-08-01,-2147483648,103688,92840,40658
MEX,Mexico,2024-09-01,-2147483648,10551376,9414960,4378174
MEX,Mexico,2024-10-01,-2147483648,407307032,539431358,349851887
MEX,Mexico,2024-11-01,166968729,211449649,1003109718,-2147483648
MEX,Mexico,2024-12-01,20414407,5352092,198896612,-2147483648
MEX,Mexico,2025-01-01,14983768,306914,23919491,-2147483648
MHL,Marshall Islands,2024-08-01,1164604,0,0,0
MHL,Marshall Islands,2024-09-01,1247790,0,0,0
MHL,Marshall Islands,2024-10-01,1289383,0,0,0
MHL,Marshall Islands,2024-11-01,1247790,0,0,0
MHL,Marshall Islands,2024-12-01,1289383,0,0,0
MHL,Marshall Islands,2025-01-01,1247790,0,0,0
MKD,North Macedonia,2024-08-01,58540242,35256,31613,13858
MKD,North Macedonia,2024-09-01,56108897,2666280,2673867,1359136
MKD,North Macedonia,2024-10-01,11346621,7400120,19239247,26915798
MKD,North Macedonia,2024-11-01,462735,312272,6274875,55758299
MKD,North Macedonia,2024-12-01,265125,12616,864479,63759565
MKD,North Macedonia,2025-01-01,239434,1199,101200,62466347
MLI,Mali,2024-08-01,632620744,0,0,0
MLI,Mali,2024-09-01,677807940,0,0,0
MLI,Mali,2024-10-01,700401538,0,0,0
MLI,Mali,2024-11-01,677807940,0,0,0
MLI,Mali,2024-12-01,700401538,0,0,0
MLI,Mali,2025-01-01,677807940,0,0,0
MLT,Malta,2024-08-01,14876772,24167,21725,9540
MLT,Malta,2024-09-01,12483125,1254553,1441250,819861
MLT,Malta,2024-10-01,1333990,1339859,4752360,9105873
MLT,Malta,2024-11-01,92086,35299,1062345,14809060
MLT,Malta,2024-12-01,65635,1893,141386,16323168
MLT,Malta,2025-01-01,60779,194,16505,15921312
MMR,Myanmar,2024-08-01,1517002596,7930,7100,3109
MMR,Myanmar,2024-09-01,1623498064,818767,726264,336265
MMR,Myanmar,2024-10-01,1500838015,70934763,71381913,36403981
MMR,Myanmar,2024-11-01,285599522,188796877,486572124,664410837
MMR,Myanmar,2024-12-01,12683721,8959922,171988438,1485926590
MMR,Myanmar,2025-01-01,6643537,317641,21810314,1596607868
MNE,Montenegro,2024-08-01,17558296,0,0,0
MNE,Montenegro,2024-09-01,18812460,0,0,0
MNE,Montenegro,2024-10-01,19439542,0,0,0
MNE,Montenegro,2024-11-01,18812460,0,0,0
MNE,Montenegro,2024-12-01,19439542,0,0,0
MNE,Montenegro,2025-01-01,18812460,0,0,0
MNG,Mongolia,2024-08-01,95154444,0,0,0
MNG,Mongolia,2024-09-01,101951190,0,0,0
MNG,Mongolia,2024-10-01,105349563,0,0,0
MNG,Mongolia,2024-11-01,101951190,0,0,0
MNG,Mongolia,2024-12-01,105349563,0,0,0
MNG,Mongolia,2025-01-01,101951190,0,0,0
MNP,Northern Mariana Islands,2024-08-01,1367046,9088,8274,3664
MNP,Northern Mariana Islands,2024-09-01,807386,184659,282873,212302
MNP,Northern Mariana Islands,2024-10-01,37946,51791,338866,1108192
MNP,Northern Mariana Islands,2024-11-01,6985,1143,53545,1425547
MNP,Northern Mariana Islands,2024-12-01,5955,87,6949,1523803
MNP,Northern Mariana Islands,2025-01-01,5631,9,809,1480770
MOZ,Mozambique,2024-08-01,923146560,0,0,0
MOZ,Mozambique,2024-09-01,989085600,0,0,0
MOZ,Mozambique,2024-10-01,1022055120,0,0,0
MOZ,Mozambique,2024-11-01,989085600,0,0,0
MOZ,Mozambique,2024-12-01,1022055120,0,0,0
MOZ,Mozambique,2025-01-01,989085600,0,0,0
MRT,Mauritania,2024-08-01,132612088,0,0,0
MRT,Mauritania,2024-09-01,142084380,0,0,0
MRT,Mauritania,2024-10-01,146820526,0,0,0
MRT,Mauritania,2024-11-01,142084380,0,0,0
MRT,Mauritania,2024-12-01,146820526,0,0,0
MRT,Mauritania,2025-01-01,142084380,0,0,0
MSR,Montserrat,2024-08-01,123564,0,0,0
MSR,Montserrat,2024-09-01,132390,0,0,0
MSR,Montserrat,2024-10-01,136803,0,0,0
MSR,Montserrat,2024-11-01,132390,0,0,0
MSR,Montserrat,2024-12-01,136803,0,0,0
MSR,Montserrat,2025-01-01,132390,0,0,0
MTQ,Martinique,2024-08-01,10290336,0,0,0
MTQ,Martinique,2024-09-01,11025360,0,0,0
MTQ,Martinique,2024-10-01,11392872,0,0,0
MTQ,Martinique,2024-11-01,11025360,0,0,0
MTQ,Martinique,2024-12-01,11392872,0,0,0
MTQ,Martinique,2025-01-01,11025360,0,0,0
MUS,Mauritius,2024-08-01,36385384,0,0,0
MUS,Mauritius,2024-09-01,38984340,0,0,0
MUS,Mauritius,2024-10-01,40283818,0,0,0
MUS,Mauritius,2024-11-01,38984340,0,0,0
MUS,Mauritius,2024-12-01,40283818,0,0,0
MUS,Mauritius,2025-01-01,38984340,0,0,0
MWI,Malawi,2024-08-01,571348904,0,0,0
MWI,Malawi,2024-09-01,612159540,0,0,0
MWI,Malawi,2024-10-01,632564858,0,0,0
MWI,Malawi,2024-11-01,612159540,0,0,0
MWI,Malawi,2024-12-01,632564858,0,0,0
MWI,Malawi,2025-01-01,612159540,0,0,0
MYS,Malaysia,2024-08-01,610887888,0,0,0
MYS,Malaysia,2024-09-01,1018146480,0,0,0
MYS,Malaysia,2024-10-01,1052084696,0,0,0
MYS,Malaysia,2024-11-01,1018146480,0,0,0
MYS,Malaysia,2024-12-01,1052084696,0,0,0
MYS,Malaysia,2025-01-01,1052084696,0,0,0
MYS,Malaysia,2025-02-01,305443944,0,0,0
MYT,Mayotte,2024-08-01,9131164,0,0,0
MYT,Mayotte,2024-09-01,9783390,0,0,0
MYT,Mayotte,2024-10-01,10109503,0,0,0
MYT,Mayotte,2024-11-01,9783390,0,0,0
MYT,Mayotte,2024-12-01,10109503,0,0,0
MYT,Mayotte,2025-01-01,9783390,0,0,0
NAM,Namibia,2024-08-01,71876672,0,0,0
NAM,Namibia,2024-09-01,77010720,0,0,0
NAM,Namibia,2024-10-01,79577744,0,0,0
NAM,Namibia,2024-11-01,77010720,0,0,0
NAM,Namibia,2024-12-01,79577744,0,0,0
NAM,Namibia,2025-01-01,77010720,0,0,0
NCL,New Caledonia,2024-08-01,8118852,0,0,0
NCL,New Caledonia,2024-09-01,8698770,0,0,0
NCL,New Caledonia,2024-10-01,8988729,0,0,0
NCL,New Caledonia,2024-11-01,8698770,0,0,0
NCL,New Caledonia,2024-12-01,8988729,0,0,0
NCL,New Caledonia,2025-01-01,8698770,0,0,0
NER,Niger,2024-08-01,733823496,0,0,0
NER,Niger,2024-09-01,786239460,0,0,0
NER,Niger,2024-10-01,812447442,0,0,0
NER,Niger,2024-11-01,786239460,0,0,0
NER,Niger,2024-12-01,812447442,0,0,0
NER,Niger,2025-01-01,786239460,0,0,0
NGA,Nigeria,2024-08-01,-2147483648,0,0,0
NGA,Nigeria,2024-09-01,-2147483648,0,0,0
NGA,Nigeria,2024-10-01,-2147483648,0,0,0
NGA,Nigeria,2024-11-01,-2147483648,0,0,0
NGA,Nigeria,2024-12-01,-2147483648,0,0,0
NGA,Nigeria,2025-01-01,-2147483648,0,0,0
NIC,Nicaragua,2024-08-01,194553665,610,546,239
NIC,Nicaragua,2024-09-01,208307000,63064,55909,25876
NIC,Nicaragua,2024-10-01,200436850,6142711,5910353,2910331
NIC,Nicaragua,2024-11-01,51147802,26573665,60046117,70684265
NIC,Nicaragua,2024-12-01,1957193,1770361,26879263,184793428
NIC,Nicaragua,2025-01-01,869705,54272,3508627,204019246
NIU,Niue,2024-08-01,54656,0,0,0
NIU,Niue,2024-09-01,58560,0,0,0
NIU,Niue,2024-10-01,60512,0,0,0
NIU,Niue,2024-11-01,58560,0,0,0
NIU,Niue,2024-12-01,60512,0,0,0
NIU,Niue,2025-01-01,58560,0,0,0
NLD,Netherlands,2024-08-01,491525612,116658,104507,45783
NLD,Netherlands,2024-09-01,501751393,10545318,9868782,4755107
NLD,Netherlands,2024-10-01,167688856,70859328,147361685,158574751
NLD,Netherlands,2024-11-01,5551980,5766918,75198633,440403068
NLD,Netherlands,2024-12-01,2317989,180635,10960097,531025899
NLD,Netherlands,2025-01-01,2018537,15483,1288532,523598048
NOR,Norway,2024-08-01,151644553,225242,202415,88862
NOR,Norway,2024-09-01,129233494,12213968,13821518,7760740
NOR,Norway,2024-10-01,14656551,14217226,48827739,90762527
NOR,Norway,2024-11-01,955338,386264,11241890,150446228
NOR,Norway,2024-12-01,670230,20212,1499733,166273869
NOR,Norway,2025-01-01,619506,2056,175112,162233045
NPL,Nepal,2024-08-01,855332408,0,0,0
NPL,Nepal,2024-09-01,916427580,0,0,0
NPL,Nepal,2024-10-01,946975166,0,0,0
NPL,Nepal,2024-11-01,916427580,0,0,0
NPL,Nepal,2024-12-01,946975166,0,0,0
NPL,Nepal,2025-01-01,916427580,0,0,0
NRU,Nauru,2024-08-01,355348,0,0,0
NRU,Nauru,2024-09-01,380730,0,0,0
NRU,Nauru,2024-10-01,393421,0,0,0
NRU,Nauru,2024-11-01,380730,0,0,0
NRU,Nauru,2024-12-01,393421,0,0,0
NRU,Nauru,2025-01-01,380730,0,0,0
NZL,New Zealand,2024-08-01,108891069,0,0,0
NZL,New Zealand,2024-09-01,155558670,0,0,0
NZL,New Zealand,2024-10-01,160743959,0,0,0
NZL,New Zealand,2024-11-01,155558670,0,0,0
NZL,New Zealand,2024-12-01,160743959,0,0,0
NZL,New Zealand,2025-01-01,160743959,0,0,0
NZL,New Zealand,2025-02-01,31111734,0,0,0
OMN,Oman,2024-08-01,128136400,0,0,0
OMN,Oman,2024-09-01,137289000,0,0,0
OMN,Oman,2024-10-01,141865300,0,0,0
OMN,Oman,2024-11-01,137289000,0,0,0
OMN,Oman,2024-12-01,141865300,0,0,0
OMN,Oman,2025-01-01,137289000,0,0,0
OWID_AFR,Africa,2024-08-01,-2147483648,10981,9831,4305
OWID_AFR,Africa,2024-09-01,-2147483648,1137164,1007432,466023
OWID_AFR,Africa,2024-10-01,-2147483648,133555775,119282854,55535280
OWID_AFR,Africa,2024-11-01,-2147483648,-2147483648,-2147483648,-2147483648
OWID_AFR,Africa,2024-12-01,1927470808,-2147483648,-2147483648,-2147483648
OWID_AFR,Africa,2025-01-01,218630480,54336892,2089584579,-2147483648
OWID_ASI,Asia,2024-08-01,-2147483648,0,0,0
OWID_ASI,Asia,2024-09-01,-2147483648,0,0,0
OWID_ASI,Asia,2024-10-01,-2147483648,0,0,0
OWID_ASI,Asia,2024-11-01,-2147483648,0,0,0
OWID_ASI,Asia,2024-12-01,-2147483648,0,0,0
OWID_ASI,Asia,2025-01-01,-2147483648,0,0,0
OWID_ASI,Asia,2025-02-01,-2147483648,0,0,0
OWID_CYN,Northern Cyprus,2022-12-01,9953736,0,0,0
OWID_CYN,Northern Cyprus,2023-01-01,11867916,0,0,0
OWID_CYN,Northern Cyprus,2023-02-01,10719408,0,0,0
OWID_CYN,Northern Cyprus,2023-03-01,11867916,0,0,0
OWID_CYN,Northern Cyprus,2023-04-01,11485080,0,0,0
OWID_CYN,Northern Cyprus,2023-05-01,11867916,0,0,0
OWID_CYN,Northern Cyprus,2023-06-01,1148508,0,0,0
OWID_ENG,England,2023-12-01,1357200000,0,0,0
OWID_ENG,England,2024-01-01,1753050000,0,0,0
OWID_ENG,England,2024-02-01,1639950000,0,0,0
OWID_ENG,England,2024-03-01,1753050000,0,0,0
OWID_ENG,England,2024-04-01,1696500000,0,0,0
OWID_ENG,England,2024-05-01,1753050000,0,0,0
OWID_ENG,England,2024-06-01,226200000,0,0,0
OWID_EUN,European Union (27),2024-08-01,-2147483648,0,0,0
OWID_EUN,European Union (27),2024-09-01,-2147483648,0,0,0
OWID_EUN,European Union (27),2024-10-01,-2147483648,0,0,0
OWID_EUN,European Union (27),2024-11-01,-2147483648,0,0,0
OWID_EUN,European Union (27),2024-12-01,-2147483648,0,0,0
OWID_EUN,European Union (27),2025-01-01,-2147483648,0,0,0
OWID_EUN,European Union (27),2025-02-01,-2147483648,0,0,0
OWID_EUR,Europe,2024-08-01,-2147483648,0,0,0
OWID_EUR,Europe,2024-09-01,-2147483648,0,0,0
OWID_EUR,Europe,2024-10-01,-2147483648,0,0,0
OWID_EUR,Europe,2024-11-01,-2147483648,0,0,0
OWID_EUR,Europe,2024-12-01,-2147483648,0,0,0
OWID_EUR,Europe,2025-01-01,-2147483648,0,0,0
OWID_EUR,Europe,2025-02-01,-2147483648,0,0,0
OWID_HIC,High-income countries,2024-08-01,-2147483648,0,0,0
OWID_HIC,High-income countries,2024-09-01,-2147483648,0,0,0
OWID_HIC,High-income countries,2024-10-01,-2147483648,0,0,0
OWID_HIC,High-income countries,2024-11-01,-2147483648,0,0,0
OWID_HIC,High-income countries,2024-12-01,-2147483648,0,0,0
OWID_HIC,High-income countries,2025-01-01,-2147483648,0,0,0
OWID_HIC,High-income countries,2025-02-01,-2147483648,0,0,0
OWID_KOS,Kosovo,2024-08-01,49899220,0,0,0
OWID_KOS,Kosovo,2024-09-01,53463450,0,0,0
OWID_KOS,Kosovo,2024-10-01,55245565,0,0,0
OWID_KOS,Kosovo,2024-11-01,53463450,0,0,0
OWID_KOS,Kosovo,2024-12-01,55245565,0,0,0
OWID_KOS,Kosovo,2025-01-01,53463450,0,0,0
OWID_LIC,Low-income countries,2024-08-01,-2147483648,0,0,0
OWID_LIC,Low-income countries,2024-09-01,-2147483648,0,0,0
OWID_LIC,Low-income countries,2024-10-01,-2147483648,0,0,0
OWID_LIC,Low-income countries,2024-11-01,-2147483648,0,0,0
OWID_LIC,Low-income countries,2024-12-01,-2147483648,0,0,0
OWID_LIC,Low-income countries,2025-01-01,-2147483648,0,0,0
OWID_LMC,Lower-middle-income countries,2024-08-01,-2147483648,0,0,0
OWID_LMC,Lower-middle-income countries,2024-09-01,-2147483648,0,0,0
OWID_LMC,Lower-middle-income countries,2024-10-01,-2147483648,0,0,0
OWID_LMC,Lower-middle-income countries,2024-11-01,-2147483648,0,0,0
OWID_LMC,Lower-middle-income countries,2024-12-01,-2147483648,0,0,0
OWID_LMC,Lower-middle-income countries,2025-01-01,-2147483648,0,0,0
OWID_LMC,Lower-middle-income countries,2025-02-01,-2147483648,0,0,0
OWID_NAM,North America,2024-08-01,-2147483648,138472,123978,54292
OWID_NAM,North America,2024-09-01,-2147483648,14270337,12667665,5868454
OWID_NAM,North America,2024-10-01,-2147483648,1067117477,1133924038,604307602
OWID_NAM,North America,2024-11-01,-2147483648,1837687478,-2147483648,-2147483648
OWID_NAM,North America,2024-12-01,123165783,67976010,1587560855,-2147483648
OWID_NAM,North America,2025-01-01,72540953,2753066,197443562,-2147483648
OWID_NIR,Northern Ireland,2023-12-01,39816000,0,0,0
OWID_NIR,Northern Ireland,2024-01-01,58776000,0,0,0
OWID_NIR,Northern Ireland,2024-02-01,54984000,0,0,0
OWID_NIR,Northern Ireland,2024-03-01,58776000,0,0,0
OWID_NIR,Northern Ireland,2024-04-01,56880000,0,0,0
OWID_NIR,Northern Ireland,2024-05-01,58776000,0,0,0
OWID_NIR,Northern Ireland,2024-06-01,13272000,0,0,0
OWID_OCE,Oceania,2024-08-01,945816060,0,0,0
OWID_OCE,Oceania,2024-09-01,1351165800,0,0,0
OWID_OCE,Oceania,2024-10-01,1396204660,0,0,0
OWID_OCE,Oceania,2024-11-01,1351165800,0,0,0
OWID_OCE,Oceania,2024-12-01,1396204660,0,0,0
OWID_OCE,Oceania,2025-01-01,1396204660,0,0,0
OWID_OCE,Oceania,2025-02-01,270233160,0,0,0
OWID_SAM,South America,2024-08-01,-2147483648,398887,357157,156412
OWID_SAM,South America,2024-09-01,-2147483648,40503539,36172986,16832142
OWID_SAM,South America,2024-10-01,-2147483648,1444357363,1959259551,1300698563
OWID_SAM,South America,2024-11-01,518883434,672618587,-2147483648,-2147483648
OWID_SAM,South America,2024-12-01,68808470,16825472,648370019,-2147483648
OWID_SAM,South America,2025-01-01,51237883,992953,77814079,-2147483648
OWID_SCT,Scotland,2023-10-01,163980000,0,0,0
OWID_SCT,Scotland,2023-11-01,163980000,0,0,0
OWID_SCT,Scotland,2023-12-01,169446000,0,0,0
OWID_SCT,Scotland,2024-01-01,169446000,0,0,0
OWID_SCT,Scotland,2024-02-01,158514000,0,0,0
OWID_SCT,Scotland,2024-03-01,158514000,0,0,0
OWID_UMC,Upper-middle-income countries,2024-08-01,-2147483648,0,0,0
OWID_UMC,Upper-middle-income countries,2024-09-01,-2147483648,0,0,0
OWID_UMC,Upper-middle-income countries,2024-10-01,-2147483648,0,0,0
OWID_UMC,Upper-middle-income countries,2024-11-01,-2147483648,0,0,0
OWID_UMC,Upper-middle-income countries,2024-12-01,-2147483648,0,0,0
OWID_UMC,Upper-middle-income countries,2025-01-01,-2147483648,0,0,0
OWID_UMC,Upper-middle-income countries,2025-02-01,-2147483648,0,0,0
OWID_WLS,Wales,2023-07-01,63400000,0,0,0
OWID_WLS,Wales,2023-08-01,98270000,0,0,0
OWID_WLS,Wales,2023-09-01,95100000,0,0,0
OWID_WLS,Wales,2023-10-01,98270000,0,0,0
OWID_WLS,Wales,2023-11-01,95100000,0,0,0
OWID_WLS,Wales,2023-12-01,98270000,0,0,0
OWID_WLS,Wales,2024-01-01,22190000,0,0,0
OWID_WRL,World,2024-08-01,-2147483648,0,0,0
OWID_WRL,World,2024-09-01,-2147483648,0,0,0
OWID_WRL,World,2024-10-01,-2147483648,0,0,0
OWID_WRL,World,2024-11-01,-2147483648,0,0,0
OWID_WRL,World,2024-12-01,-2147483648,0,0,0
OWID_WRL,World,2025-01-01,-2147483648,0,0,0
OWID_WRL,World,2025-02-01,-2147483648,0,0,0
PAK,Pakistan,2024-08-01,-2147483648,0,0,0
PAK,Pakistan,2024-09-01,-2147483648,0,0,0
PAK,Pakistan,2024-10-01,-2147483648,0,0,0
PAK,Pakistan,2024-11-01,-2147483648,0,0,0
PAK,Pakistan,2024-12-01,-2147483648,0,0,0
PAK,Pakistan,2025-01-01,-2147483648,0,0,0
PAN,Panama,2024-08-01,123440296,0,0,0
PAN,Panama,2024-09-01,132257460,0,0,0
PAN,Panama,2024-10-01,136666042,0,0,0
PAN,Panama,2024-11-01,132257460,0,0,0
PAN,Panama,2024-12-01,136666042,0,0,0
PAN,Panama,2025-01-01,132257460,0,0,0
PCN,Pitcairn,2024-08-01,1316,0,0,0
PCN,Pitcairn,2024-09-01,1410,0,0,0
PCN,Pitcairn,2024-10-01,1457,0,0,0
PCN,Pitcairn,2024-11-01,1410,0,0,0
PCN,Pitcairn,2024-12-01,1457,0,0,0
PCN,Pitcairn,2025-01-01,1410,0,0,0
PER,Peru,2024-08-01,953388464,0,0,0
PER,Peru,2024-09-01,1021487640,0,0,0
PER,Peru,2024-10-01,1055537228,0,0,0
PER,Peru,2024-11-01,1021487640,0,0,0
PER,Peru,2024-12-01,1055537228,0,0,0
PER,Peru,2025-01-01,1021487640,0,0,0
PHL,Philippines,2024-08-01,-2147483648,0,0,0
PHL,Philippines,2024-09-01,-2147483648,0,0,0
PHL,Philippines,2024-10-01,-2147483648,0,0,0
PHL,Philippines,2024-11-01,-2147483648,0,0,0
PHL,Philippines,2024-12-01,-2147483648,0,0,0
PHL,Philippines,2025-01-01,-2147483648,0,0,0
PLW,Palau,2024-08-01,506352,0,0,0
PLW,Palau,2024-09-01,542520,0,0,0
PLW,Palau,2024-10-01,560604,0,0,0
PLW,Palau,2024-11-01,542520,0,0,0
PLW,Palau,2024-12-01,560604,0,0,0
PLW,Palau,2025-01-01,542520,0,0,0
PNG,Papua New Guinea,2024-08-01,283993500,0,0,0
PNG,Papua New Guinea,2024-09-01,304278750,0,0,0
PNG,Papua New Guinea,2024-10-01,314421375,0,0,0
PNG,Papua New Guinea,2024-11-01,304278750,0,0,0
PNG,Papua New Guinea,2024-12-01,314421375,0,0,0
PNG,Papua New Guinea,2025-01-01,304278750,0,0,0
POL,Poland,2024-08-01,1114286495,748271,671065,294201
POL,Poland,2024-09-01,1056580061,54888491,55682277,28563491
POL,Poland,2024-10-01,200017173,137206420,367405288,530942583
POL,Poland,2024-11-01,8524093,5426497,114357372,1067406358
POL,Poland,2024-12-01,5028266,226240,15679049,1214637909
POL,Poland,2025-01-01,4556175,21712,1834770,1189301662
PRI,Puerto Rico,2024-08-01,91067536,0,0,0
PRI,Puerto Rico,2024-09-01,97572360,0,0,0
PRI,Puerto Rico,2024-10-01,100824772,0,0,0
PRI,Puerto Rico,2024-11-01,97572360,0,0,0
PRI,Puerto Rico,2024-12-01,100824772,0,0,0
PRI,Puerto Rico,2025-01-01,97572360,0,0,0
PRK,North Korea,2024-08-01,729943648,0,0,0
PRK,North Korea,2024-09-01,782082480,0,0,0
PRK,North Korea,2024-10-01,808151896,0,0,0
PRK,North Korea,2024-11-01,782082480,0,0,0
PRK,North Korea,2024-12-01,808151896,0,0,0
PRK,North Korea,2025-01-01,782082480,0,0,0
PRT,Portugal,2024-08-01,286851397,319672,287007,125920
PRT,Portugal,2024-09-01,255656938,19671923,21287422,11509428
PRT,Portugal,2024-10-01,35059088,30193612,94064114,159079753
PRT,Portugal,2024-11-01,1922605,920362,23956874,281325869
PRT,Portugal,2024-12-01,1275994,44406,3223269,313852898
PRT,Portugal,2025-01-01,1171913,4434,376620,306572743
PRY,Paraguay,2024-08-01,189860860,0,0,0
PRY,Paraguay,2024-09-01,203422350,0,0,0
PRY,Paraguay,2024-10-01,210203095,0,0,0
PRY,Paraguay,2024-11-01,203422350,0,0,0
PRY,Paraguay,2024-12-01,210203095,0,0,0
PRY,Paraguay,2025-01-01,203422350,0,0,0
PSE,Palestine,2024-08-01,147002128,0,0,0
PSE,Palestine,2024-09-01,157502280,0,0,0
PSE,Palestine,2024-10-01,162752356,0,0,0
PSE,Palestine,2024-11-01,157502280,0,0,0
PSE,Palestine,2024-12-01,162752356,0,0,0
PSE,Palestine,2025-01-01,157502280,0,0,0
PYF,French Polynesia,2024-08-01,8543615,14195,12762,5604
PYF,French Polynesia,2024-09-01,7140220,728620,840300,479620
PYF,French Polynesia,2024-10-01,751712,761509,2723364,5258467
PYF,French Polynesia,2024-11-01,52657,19915,604370,8511818
PYF,French Polynesia,2024-12-01,37678,1075,80388,9375911
PYF,French Polynesia,2025-01-01,34906,110,9384,9144360
QAT,Qatar,2024-08-01,75463668,0,0,0
QAT,Qatar,2024-09-01,80853930,0,0,0
QAT,Qatar,2024-10-01,83549061,0,0,0
QAT,Qatar,2024-11-01,80853930,0,0,0
QAT,Qatar,2024-12-01,83549061,0,0,0
QAT,Qatar,2025-01-01,80853930,0,0,0
REU,Reunion,2024-08-01,27273736,0,0,0
REU,Reunion,2024-09-01,29221860,0,0,0
REU,Reunion,2024-10-01,30195922,0,0,0
REU,Reunion,2024-11-01,29221860,0,0,0
REU,Reunion,2024-12-01,30195922,0,0,0
REU,Reunion,2025-01-01,29221860,0,0,0
ROU,Romania,2024-08-01,547261829,1391940,1254199,551592
ROU,Romania,2024-09-01,420001095,56359384,70335338,43082283
ROU,Romania,2024-10-01,33479959,39170853,165425466,371361092
ROU,Romania,2024-11-01,3135615,917558,32348058,553376869
ROU,Romania,2024-12-01,2397164,55489,4261268,602723449
ROU,Romania,2025-01-01,2237901,5814,497021,587037364
RUS,Russia,2024-08-01,-2147483648,2363916,2119543,929090
RUS,Russia,2024-09-01,-2147483648,180231857,180189090,91368252
RUS,Russia,2024-10-01,801042084,515071884,1328318039,1841680665
RUS,Russia,2024-11-01,32290510,22144330,439030593,-2147483648
RUS,Russia,2024-12-01,18345872,886862,60569527,-2147483648
RUS,Russia,2025-01-01,16552209,84056,7091334,-2147483648
RWA,Rwanda,2024-08-01,385747656,0,0,0
RWA,Rwanda,2024-09-01,413301060,0,0,0
RWA,Rwanda,2024-10-01,427077762,0,0,0
RWA,Rwanda,2024-11-01,413301060,0,0,0
RWA,Rwanda,2024-12-01,427077762,0,0,0
RWA,Rwanda,2025-01-01,413301060,0,0,0
SAU,Saudi Arabia,2024-08-01,1019447072,0,0,0
SAU,Saudi Arabia,2024-09-01,1092264720,0,0,0
SAU,Saudi Arabia,2024-10-01,1128673544,0,0,0
SAU,Saudi Arabia,2024-11-01,1092264720,0,0,0
SAU,Saudi Arabia,2024-12-01,1128673544,0,0,0
SAU,Saudi Arabia,2025-01-01,1092264720,0,0,0
SDN,Sudan,2024-08-01,1312477600,0,0,0
SDN,Sudan,2024-09-01,1406226000,0,0,0
SDN,Sudan,2024-10-01,1453100200,0,0,0
SDN,Sudan,2024-11-01,1406226000,0,0,0
SDN,Sudan,2024-12-01,1453100200,0,0,0
SDN,Sudan,2025-01-01,1406226000,0,0,0
SEN,Senegal,2024-08-01,484860656,0,0,0
SEN,Senegal,2024-09-01,519493560,0,0,0
SEN,Senegal,2024-10-01,536810012,0,0,0
SEN,Senegal,2024-11-01,519493560,0,0,0
SEN,Senegal,2024-12-01,536810012,0,0,0
SEN,Senegal,2025-01-01,519493560,0,0,0
SGP,Singapore,2024-08-01,157836616,0,0,0
SGP,Singapore,2024-09-01,169110660,0,0,0
SGP,Singapore,2024-10-01,174747682,0,0,0
SGP,Singapore,2024-11-01,169110660,0,0,0
SGP,Singapore,2024-12-01,174747682,0,0,0
SGP,Singapore,2025-01-01,169110660,0,0,0
SHN,Saint Helena,2024-08-01,151228,0,0,0
SHN,Saint Helena,2024-09-01,162030,0,0,0
SHN,Saint Helena,2024-10-01,167431,0,0,0
SHN,Saint Helena,2024-11-01,162030,0,0,0
SHN,Saint Helena,2024-12-01,167431,0,0,0
SHN,Saint Helena,2025-01-01,162030,0,0,0
SLB,Solomon Islands,2024-08-01,20279616,0,0,0
SLB,Solomon Islands,2024-09-01,21728160,0,0,0
SLB,Solomon Islands,2024-10-01,22452432,0,0,0
SLB,Solomon Islands,2024-11-01,21728160,0,0,0
SLB,Solomon Islands,2024-12-01,22452432,0,0,0
SLB,Solomon Islands,2025-01-01,21728160,0,0,0
SLE,Sierra Leone,2024-08-01,240960244,0,0,0
SLE,Sierra Leone,2024-09-01,258171690,0,0,0
SLE,Sierra Leone,2024-10-01,266777413,0,0,0
SLE,Sierra Leone,2024-11-01,258171690,0,0,0
SLE,Sierra Leone,2024-12-01,266777413,0,0,0
SLE,Sierra Leone,2025-01-01,258171690,0,0,0
SLV,El Salvador,2024-08-01,177416911,915,819,359
SLV,El Salvador,2024-09-01,189874711,94477,83802,38800
SLV,El Salvador,2024-10-01,175751232,8215513,8255758,4205680
SLV,El Salvador,2024-11-01,33718733,22149721,56874283,77349052
SLV,El Salvador,2024-12-01,1489862,1059839,20221965,173656517
SLV,El Salvador,2025-01-01,777352,37425,2566092,186710921
SMR,San Marino,2024-08-01,943320,0,0,0
SMR,San Marino,2024-09-01,1010700,0,0,0
SMR,San Marino,2024-10-01,1044390,0,0,0
SMR,San Marino,2024-11-01,1010700,0,0,0
SMR,San Marino,2024-12-01,1044390,0,0,0
SMR,San Marino,2025-01-01,1010700,0,0,0
SOM,Somalia,2024-08-01,492730224,0,0,0
SOM,Somalia,2024-09-01,527925240,0,0,0
SOM,Somalia,2024-10-01,545522748,0,0,0
SOM,Somalia,2024-11-01,527925240,0,0,0
SOM,Somalia,2024-12-01,545522748,0,0,0
SOM,Somalia,2025-01-01,527925240,0,0,0
SPM,Saint Pierre and Miquelon,2024-08-01,164780,0,0,0
SPM,Saint Pierre and Miquelon,2024-09-01,176550,0,0,0
SPM,Saint Pierre and Miquelon,2024-10-01,182435,0,0,0
SPM,Saint Pierre and Miquelon,2024-11-01,176550,0,0,0
SPM,Saint Pierre and Miquelon,2024-12-01,182435,0,0,0
SPM,Saint Pierre and Miquelon,2025-01-01,176550,0,0,0
SRB,Serbia,2024-08-01,192403316,0,0,0
SRB,Serbia,2024-09-01,206146410,0,0,0
SRB,Serbia,2024-10-01,213017957,0,0,0
SRB,Serbia,2024-11-01,206146410,0,0,0
SRB,Serbia,2024-12-01,213017957,0,0,0
SRB,Serbia,2025-01-01,206146410,0,0,0
SSD,South Sudan,2024-08-01,305568816,0,0,0
SSD,South Sudan,2024-09-01,327395160,0,0,0
SSD,South Sudan,2024-10-01,338308332,0,0,0
SSD,South Sudan,2024-11-01,327395160,0,0,0
SSD,South Sudan,2024-12-01,338308332,0,0,0
SSD,South Sudan,2025-01-01,327395160,0,0,0
STP,Sao Tome and Principe,2024-08-01,6367004,0,0,0
STP,Sao Tome and Principe,2024-09-01,6821790,0,0,0
STP,Sao Tome and Principe,2024-10-01,7049183,0,0,0
STP,Sao Tome and Principe,2024-11-01,6821790,0,0,0
STP,Sao Tome and Principe,2024-12-01,7049183,0,0,0
STP,Sao Tome and Principe,2025-01-01,6821790,0,0,0
SUR,Suriname,2024-08-01,17305288,0,0,0
SUR,Suriname,2024-09-01,18541380,0,0,0
SUR,Suriname,2024-10-01,19159426,0,0,0
SUR,Suriname,2024-11-01,18541380,0,0,0
SUR,Suriname,2024-12-01,19159426,0,0,0
SUR,Suriname,2025-01-01,18541380,0,0,0
SVK,Slovakia,2024-08-01,157974202,18593,16652,7293
SVK,Slovakia,2024-09-01,165097893,1795898,1636741,773118
SVK,Slovakia,2024-10-01,74662184,22868774,40847574,36568573
SVK,Slovakia,2024-11-01,2602682,3329577,30764801,132606590
SVK,Slovakia,2024-12-01,779108,89692,4795978,169282327
SVK,Slovakia,2025-01-01,651996,6914,566627,168078114
SVN,Slovenia,2024-08-01,59252677,44940,40312,17676
SVN,Slovenia,2024-09-01,55456024,3176751,3267626,1694889
SVN,Slovenia,2024-10-01,9736204,7063487,19571907,29343534
SVN,Slovenia,2024-11-01,437810,260756,5790358,57106366
SVN,Slovenia,2024-12-01,266362,11261,789897,64647614
SVN,Slovenia,2025-01-01,242208,1092,92397,63259593
SWE,Sweden,2024-08-01,294943432,191423,171662,75255
SWE,Sweden,2024-09-01,280638007,14180030,14332061,7330372
SWE,Sweden,2024-10-01,54244136,36627399,97166651,138991633
SWE,Sweden,2024-11-01,2279125,1477846,30685582,282037918
SWE,Sweden,2024-12-01,1332428,61010,4213389,321422992
SWE,Sweden,2025-01-01,1206092,5838,493110,314775430
SWZ,Eswatini,2024-08-01,33647040,0,0,0
SWZ,Eswatini,2024-09-01,36050400,0,0,0
SWZ,Eswatini,2024-10-01,37252080,0,0,0
SWZ,Eswatini,2024-11-01,36050400,0,0,0
SWZ,Eswatini,2024-12-01,37252080,0,0,0
SWZ,Eswatini,2025-01-01,36050400,0,0,0
SXM,Sint Maarten (Dutch part),2024-08-01,1237376,0,0,0
SXM,Sint Maarten (Dutch part),2024-09-01,1325760,0,0,0
SXM,Sint Maarten (Dutch part),2024-10-01,1369952,0,0,0
SXM,Sint Maarten (Dutch part),2024-11-01,1325760,0,0,0
SXM,Sint Maarten (Dutch part),2024-12-01,1369952,0,0,0
SXM,Sint Maarten (Dutch part),2025-01-01,1325760,0,0,0
SYC,Seychelles,2024-08-01,2999780,0,0,0
SYC,Seychelles,2024-09-01,3214050,0,0,0
SYC,Seychelles,2024-10-01,3321185,0,0,0
SYC,Seychelles,2024-11-01,3214050,0,0,0
SYC,Seychelles,2024-12-01,3321185,0,0,0
SYC,Seychelles,2025-01-01,3214050,0,0,0
SYR,Syria,2024-08-01,619506776,0,0,0
SYR,Syria,2024-09-01,663757260,0,0,0
SYR,Syria,2024-10-01,685882502,0,0,0
SYR,Syria,2024-11-01,663757260,0,0,0
SYR,Syria,2024-12-01,685882502,0,0,0
SYR,Syria,2025-01-01,663757260,0,0,0
TCA,Turks and Caicos Islands,2024-08-01,1280328,0,0,0
TCA,Turks and Caicos Islands,2024-09-01,1371780,0,0,0
TCA,Turks and Caicos Islands,2024-10-01,1417506,0,0,0
TCA,Turks and Caicos Islands,2024-11-01,1371780,0,0,0
TCA,Turks and Caicos Islands,2024-12-01,1417506,0,0,0
TCA,Turks and Caicos Islands,2025-01-01,1371780,0,0,0
TCD,Chad,2024-08-01,496252736,0,0,0
TCD,Chad,2024-09-01,531699360,0,0,0
TCD,Chad,2024-10-01,549422672,0,0,0
TCD,Chad,2024-11-01,531699360,0,0,0
TCD,Chad,2024-12-01,549422672,0,0,0
TCD,Chad,2025-01-01,531699360,0,0,0
TGO,Togo,2024-08-01,247763600,0,0,0
TGO,Togo,2024-09-01,265461000,0,0,0
TGO,Togo,2024-10-01,274309700,0,0,0
TGO,Togo,2024-11-01,265461000,0,0,0
TGO,Togo,2024-12-01,274309700,0,0,0
TGO,Togo,2025-01-01,265461000,0,0,0
THA,Thailand,2024-08-01,2007126105,170724,152884,66959
THA,Thailand,2024-09-01,2111768832,16804436,15198799,7138653
THA,Thailand,2024-10-01,1076427243,283692136,472491683,389996682
THA,Thailand,2024-11-01,40799023,54935111,432359667,1622816919
THA,Thailand,2024-12-01,10162369,1409527,70241507,2140794341
THA,Thailand,2025-01-01,8308613,102474,8323651,2134175983
TJK,Tajikistan,2024-08-01,278678092,0,0,0
TJK,Tajikistan,2024-09-01,298583670,0,0,0
TJK,Tajikistan,2024-10-01,308536459,0,0,0
TJK,Tajikistan,2024-11-01,298583670,0,0,0
TJK,Tajikistan,2024-12-01,308536459,0,0,0
TJK,Tajikistan,2025-01-01,298583670,0,0,0
TKL,Tokelau,2024-08-01,53004,0,0,0
TKL,Tokelau,2024-09-01,56790,0,0,0
TKL,Tokelau,2024-10-01,58683,0,0,0
TKL,Tokelau,2024-11-01,56790,0,0,0
TKL,Tokelau,2024-12-01,58683,0,0,0
TKL,Tokelau,2025-01-01,56790,0,0,0
TKM,Turkmenistan,2024-08-01,180061756,0,0,0
TKM,Turkmenistan,2024-09-01,192923310,0,0,0
TKM,Turkmenistan,2024-10-01,199354087,0,0,0
TKM,Turkmenistan,2024-11-01,192923310,0,0,0
TKM,Turkmenistan,2024-12-01,199354087,0,0,0
TKM,Turkmenistan,2025-01-01,192923310,0,0,0
TLS,East Timor,2024-08-01,37556344,0,0,0
TLS,East Timor,2024-09-01,40238940,0,0,0
TLS,East Timor,2024-10-01,41580238,0,0,0
TLS,East Timor,2024-11-01,40238940,0,0,0
TLS,East Timor,2024-12-01,41580238,0,0,0
TLS,East Timor,2025-01-01,40238940,0,0,0
TON,Tonga,2024-08-01,2992276,0,0,0
TON,Tonga,2024-09-01,3206010,0,0,0
TON,Tonga,2024-10-01,3312877,0,0,0
TON,Tonga,2024-11-01,3206010,0,0,0
TON,Tonga,2024-12-01,3312877,0,0,0
TON,Tonga,2025-01-01,3206010,0,0,0
TTO,Trinidad and Tobago,2024-08-01,42869204,0,0,0
TTO,Trinidad and Tobago,2024-09-01,45931290,0,0,0
TTO,Trinidad and Tobago,2024-10-01,47462333,0,0,0
TTO,Trinidad and Tobago,2024-11-01,45931290,0,0,0
TTO,Trinidad and Tobago,2024-12-01,47462333,0,0,0
TTO,Trinidad and Tobago,2025-01-01,45931290,0,0,0
TUN,Tunisia,2024-08-01,345971248,0,0,0
TUN,Tunisia,2024-09-01,370683480,0,0,0
TUN,Tunisia,2024-10-01,383039596,0,0,0
TUN,Tunisia,2024-11-01,370683480,0,0,0
TUN,Tunisia,2024-12-01,383039596,0,0,0
TUN,Tunisia,2025-01-01,370683480,0,0,0
TUR,Turkey,2024-08-01,-2147483648,0,0,0
TUR,Turkey,2024-09-01,-2147483648,0,0,0
TUR,Turkey,2024-10-01,-2147483648,0,0,0
TUR,Turkey,2024-11-01,-2147483648,0,0,0
TUR,Turkey,2024-12-01,-2147483648,0,0,0
TUR,Turkey,2025-01-01,-2147483648,0,0,0
TUV,Tuvalu,2024-08-01,317380,0,0,0
TUV,Tuvalu,2024-09-01,340050,0,0,0
TUV,Tuvalu,2024-10-01,351385,0,0,0
TUV,Tuvalu,2024-11-01,340050,0,0,0
TUV,Tuvalu,2024-12-01,351385,0,0,0
TUV,Tuvalu,2025-01-01,340050,0,0,0
TWN,Taiwan,2023-09-01,167253772,0,0,0
TWN,Taiwan,2023-10-01,740695276,0,0,0
TWN,Taiwan,2023-11-01,716801880,0,0,0
TWN,Taiwan,2023-12-01,740695276,0,0,0
TWN,Taiwan,2024-01-01,740695276,0,0,0
TWN,Taiwan,2024-02-01,692908484,0,0,0
TWN,Taiwan,2024-03-01,501761316,0,0,0
TZA,Tanzania,2024-08-01,1833937056,0,0,0
TZA,Tanzania,2024-09-01,1964932560,0,0,0
TZA,Tanzania,2024-10-01,2030430312,0,0,0
TZA,Tanzania,2024-11-01,1964932560,0,0,0
TZA,Tanzania,2024-12-01,2030430312,0,0,0
TZA,Tanzania,2025-01-01,1964932560,0,0,0
UGA,Uganda,2024-08-01,1322988464,0,0,0
UGA,Uganda,2024-09-01,1417487640,0,0,0
UGA,Uganda,2024-10-01,1464737228,0,0,0
UGA,Uganda,2024-11-01,1417487640,0,0,0
UGA,Uganda,2024-12-01,1464737228,0,0,0
UGA,Uganda,2025-01-01,1417487640,0,0,0
UKR,Ukraine,2024-08-01,1111529550,52144,46690,20448
UKR,Ukraine,2024-09-01,1178903326,5249501,4704664,2194830
UKR,Ukraine,2024-10-01,726114602,143514852,210245412,150879198
UKR,Ukraine,2024-11-01,35066246,47680450,281463719,826841905
UKR,Ukraine,2024-12-01,5974735,1175518,50384760,1173219051
UKR,Ukraine,2025-01-01,4632701,75550,6013020,1180331049
URY,Uruguay,2024-08-01,95827825,4574,4096,1794
URY,Uruguay,2024-09-01,101618557,460255,412568,192500
URY,Uruguay,2024-10-01,62277886,12416995,18258233,13153562
URY,Uruguay,2024-11-01,2982093,4060014,24163328,71478444
URY,Uruguay,2024-12-01,514075,100107,4311373,101181122
URY,Uruguay,2025-01-01,399307,6459,514404,101763710
USA,United States,2024-08-01,-2147483648,0,0,0
USA,United States,2024-09-01,-2147483648,0,0,0
USA,United States,2024-10-01,-2147483648,0,0,0
USA,United States,2024-11-01,-2147483648,0,0,0
USA,United States,2024-12-01,-2147483648,0,0,0
USA,United States,2025-01-01,-2147483648,0,0,0
UZB,Uzbekistan,2024-08-01,969574144,0,0,0
UZB,Uzbekistan,2024-09-01,1038829440,0,0,0
UZB,Uzbekistan,2024-10-01,1073457088,0,0,0
UZB,Uzbekistan,2024-11-01,1038829440,0,0,0
UZB,Uzbekistan,2024-12-01,1073457088,0,0,0
UZB,Uzbekistan,2025-01-01,1038829440,0,0,0
VAT,Vatican,2024-08-01,22624,0,0,0
VAT,Vatican,2024-09-01,24240,0,0,0
VAT,Vatican,2024-10-01,25048,0,0,0
VAT,Vatican,2024-11-01,24240,0,0,0
VAT,Vatican,2024-12-01,25048,0,0,0
VAT,Vatican,2025-01-01,24240,0,0,0
VCT,Saint Vincent and the Grenadines,2024-08-01,2910852,0,0,0
VCT,Saint Vincent and the Grenadines,2024-09-01,3118770,0,0,0
VCT,Saint Vincent and the Grenadines,2024-10-01,3222729,0,0,0
VCT,Saint Vincent and the Grenadines,2024-11-01,3118770,0,0,0
VCT,Saint Vincent and the Grenadines,2024-12-01,3222729,0,0,0
VCT,Saint Vincent and the Grenadines,2025-01-01,3118770,0,0,0
VEN,Venezuela,2024-08-01,792447600,0,0,0
VEN,Venezuela,2024-09-01,849051000,0,0,0
VEN,Venezuela,2024-10-01,877352700,0,0,0
VEN,Venezuela,2024-11-01,849051000,0,0,0
VEN,Venezuela,2024-12-01,877352700,0,0,0
VEN,Venezuela,2025-01-01,849051000,0,0,0
VGB,British Virgin Islands,2024-08-01,877296,0,0,0
VGB,British Virgin Islands,2024-09-01,939960,0,0,0
VGB,British Virgin Islands,2024-10-01,971292,0,0,0
VGB,British Virgin Islands,2024-11-01,939960,0,0,0
VGB,British Virgin Islands,2024-12-01,971292,0,0,0
VGB,British Virgin Islands,2025-01-01,939960,0,0,0
VIR,United States Virgin Islands,2024-08-01,2785412,0,0,0
VIR,United States Virgin Islands,2024-09-01,2984370,0,0,0
VIR,United States Virgin Islands,2024-10-01,3083849,0,0,0
VIR,United States Virgin Islands,2024-11-01,2984370,0,0,0
VIR,United States Virgin Islands,2024-12-01,3083849,0,0,0
VIR,United States Virgin Islands,2025-01-01,2984370,0,0,0
VNM,Vietnam,2024-08-01,-2147483648,0,0,0
VNM,Vietnam,2024-09-01,-2147483648,0,0,0
VNM,Vietnam,2024-10-01,-2147483648,0,0,0
VNM,Vietnam,2024-11-01,-2147483648,0,0,0
VNM,Vietnam,2024-12-01,-2147483648,0,0,0
VNM,Vietnam,2025-01-01,-2147483648,0,0,0
VUT,Vanuatu,2024-08-01,9148832,0,0,0
VUT,Vanuatu,2024-09-01,9802320,0,0,0
VUT,Vanuatu,2024-10-01,10129064,0,0,0
VUT,Vanuatu,2024-11-01,9802320,0,0,0
VUT,Vanuatu,2024-12-01,10129064,0,0,0
VUT,Vanuatu,2025-01-01,9802320,0,0,0
WLF,Wallis and Futuna,2024-08-01,324688,0,0,0
WLF,Wallis and Futuna,2024-09-01,347880,0,0,0
WLF,Wallis and Futuna,2024-10-01,359476,0,0,0
WLF,Wallis and Futuna,2024-11-01,347880,0,0,0
WLF,Wallis and Futuna,2024-12-01,359476,0,0,0
WLF,Wallis and Futuna,2025-01-01,347880,0,0,0
WSM,Samoa,2024-08-01,6226920,0,0,0
WSM,Samoa,2024-09-01,6671700,0,0,0
WSM,Samoa,2024-10-01,6894090,0,0,0
WSM,Samoa,2024-11-01,6671700,0,0,0
WSM,Samoa,2024-12-01,6894090,0,0,0
WSM,Samoa,2025-01-01,6671700,0,0,0
YEM,Yemen,2024-08-01,943505136,0,0,0
YEM,Yemen,2024-09-01,1010898360,0,0,0
YEM,Yemen,2024-10-01,1044594972,0,0,0
YEM,Yemen,2024-11-01,1010898360,0,0,0
YEM,Yemen,2024-12-01,1044594972,0,0,0
YEM,Yemen,2025-01-01,1010898360,0,0,0
ZAF,South Africa,2024-08-01,1677028752,0,0,0
ZAF,South Africa,2024-09-01,1796816520,0,0,0
ZAF,South Africa,2024-10-01,1856710404,0,0,0
ZAF,South Africa,2024-11-01,1796816520,0,0,0
ZAF,South Africa,2024-12-01,1856710404,0,0,0
ZAF,South Africa,2025-01-01,1796816520,0,0,0
ZMB,Zambia,2024-08-01,560482202,5490,4915,2153
ZMB,Zambia,2024-09-01,599230301,565240,501955,232603
ZMB,Zambia,2024-10-01,514689131,39480219,42993855,23384566
ZMB,Zambia,2024-11-01,65628408,57598329,179395170,297908194
ZMB,Zambia,2024-12-01,3932746,1966814,49316006,565332204
ZMB,Zambia,2025-01-01,2407203,83780,6095689,591943428
ZWE,Zimbabwe,2024-08-01,456975092,0,0,0
ZWE,Zimbabwe,2024-09-01,489616170,0,0,0
ZWE,Zimbabwe,2024-10-01,505936709,0,0,0
ZWE,Zimbabwe,2024-11-01,489616170,0,0,0
ZWE,Zimbabwe,2024-12-01,505936709,0,0,0
ZWE,Zimbabwe,2025-01-01,489616170,0,0,0
